Gateway,Seconds,VUs,RPS,P95_ms,Req_success_rate,Total_CPU,Total_RSS_KB
hive-router,3,3,461.54728557454615,3.1407133999999997,1,112.00,154448
hive-router,4,3,500.17079976576457,3.9310950499999993,1,113.00,154448
hive-router,4,3,531.6239986683906,4.626041049999999,1,110.00,154448
hive-router,4,3,608.5053951335269,5.819369249999999,1,111.00,154448
hive-router,4,8,624.0878186426311,6.845352199999994,1,113.00,154448
hive-router,5,8,678.8532645352647,7.109381599999999,1,114.00,154448
hive-router,5,8,732.6140135162921,8.3131125,1,111.00,154448
hive-router,5,8,773.3856580475922,9.07006775,1,112.00,154448
hive-router,5,13,823.2001731059388,10.115221199999999,1,114.00,154448
hive-router,6,13,846.7970063932154,11.76894185,1,116.00,154448
hive-router,6,13,890.916071299829,11.9870065,1,113.00,154448
hive-router,6,13,933.245338426975,13.0412089,1,115.00,154448
hive-router,7,18,959.7831828994529,14.121177850000004,1,116.00,154448
hive-router,7,18,1002.9585503087785,14.960095849999998,1,118.00,154448
hive-router,7,18,1008.6325854680435,16.02179299999996,1,115.00,154448
hive-router,7,18,1041.9013826901094,16.458568999999997,1,117.00,154448
hive-router,8,23,1072.4827575903014,18.181426,1,118.00,154448
hive-router,8,23,1108.3522546232457,18.50486949999998,1,116.00,154448
hive-router,8,23,1123.549178784289,19.633365,1,117.00,154448
hive-router,8,28,1139.9232978629673,20.397010499999997,1,119.00,154448
hive-router,9,28,1187.6019304294402,20.898497300000013,1,121.00,154448
hive-router,9,28,1196.767870554615,22.184934649999988,1,118.00,154448
hive-router,9,28,1218.7513671328543,22.457327,1,120.00,154448
hive-router,10,33,1236.5080484031566,23.8414105,1,121.00,154448
hive-router,10,33,1254.836039192379,23.784704199999993,1,123.00,154448
hive-router,10,33,1259.4395008923573,25.35517819999999,1,121.00,154448
hive-router,10,33,1283.4323478859085,25.451618249999996,1,122.00,154448
hive-router,11,38,1290.5232966600315,26.816639299999995,1,124.00,154448
hive-router,11,38,1316.6877159183439,27.53803,1,121.00,154448
hive-router,11,38,1329.590512032215,28.146997299999995,1,123.00,154448
hive-router,12,43,1345.9121560823824,29.609720299999953,1,124.00,154448
hive-router,12,43,1359.130720720241,29.65315619999998,1,126.00,154448
hive-router,12,43,1374.4707225820594,30.657350999999984,1,124.00,154448
hive-router,12,43,1386.2683363008896,31.494328199999995,1,125.00,154448
hive-router,13,48,1394.842423697317,32.04358269999999,1,127.00,154448
hive-router,13,48,1407.9379038552167,33.290729499999955,1,124.00,154448
hive-router,13,48,1412.7640157972767,34.00203135,1,126.00,154448
hive-router,13,57,1417.773871981331,35.284352049999995,1,127.00,154448
hive-router,14,57,1438.3932052697908,36.77676,1,129.00,154448
hive-router,14,57,1433.069708141498,37.948095699999996,1,126.00,154448
hive-router,14,57,1444.9442162467935,38.944770999999925,1,128.00,154448
hive-router,15,69,1451.3160962407826,41.31717964999991,1,129.00,154448
hive-router,15,69,1465.5564396202114,42.213345,1,127.00,154448
hive-router,15,69,1475.6824558279613,43.752079,1,129.00,154448
hive-router,15,80,1475.0877488629258,44.606784899999965,1,130.00,154448
hive-router,16,80,1490.8689152568177,48.02450139999998,1,131.00,154448
hive-router,16,80,1485.7948345312818,49.439093149999984,1,129.00,154448
hive-router,16,80,1506.5028995397545,51.61831469999998,1,131.00,154448
hive-router,17,91,1498.8214776481714,53.754692399999996,1,132.00,154448
hive-router,17,91,1514.4693143649702,54.980950799999995,1,130.00,154448
hive-router,17,91,1519.7434561642901,56.78163294999997,1,132.00,154448
hive-router,18,102,1528.3067542579786,59.0249931999999,1,133.00,154448
hive-router,18,102,1545.3290312878723,60.32248789999999,1,135.00,154448
hive-router,18,102,1536.9542800442512,62.691590049999995,1,132.00,154448
hive-router,18,113,1548.9266434923322,63.049817799999964,1,134.00,154448
hive-router,19,113,1561.0143382271358,65.8012113,1,135.00,154448
hive-router,19,113,1557.4497146764147,67.39303824999999,1,133.00,154448
hive-router,19,113,1568.2269464434773,68.61756745,1,135.00,154448
hive-router,20,125,1568.0882106010745,71.3961138,1,135.00,154448
hive-router,20,125,1580.1495925248169,72.26901259999994,1,134.00,154448
hive-router,20,125,1580.8296337257477,76.01525469999993,1,135.00,154448
hive-router,21,136,1582.28162127616,77.86881479999998,1,136.00,154448
hive-router,21,136,1596.299913604829,80.0229653,1,138.00,154448
hive-router,21,136,1602.8424283835477,82.81443199999998,1,136.00,154448
hive-router,22,136,1598.907812376283,83.80286444999997,1,137.00,154448
hive-router,22,148,1612.6313673883762,86.12521479999998,1,139.00,154448
hive-router,22,148,1607.3878005281877,87.06630849999999,1,137.00,154448
hive-router,22,148,1617.7952908542445,88.52499999999999,1,138.00,154448
hive-router,23,159,1625.2494315489341,91.5483911499999,1,140.00,154448
hive-router,23,159,1627.452919299252,94.39331819999997,1,138.00,154448
hive-router,23,159,1640.346475408924,95.89977644999999,1,139.00,154448
hive-router,24,170,1640.6004502927822,99.38603185000005,1,141.00,154448
hive-router,24,170,1641.9325875069308,102.15744280000001,1,139.00,154448
hive-router,24,170,1648.5132984922595,103.393225,1,140.00,154448
hive-router,25,181,1646.8489250487971,106.50187,1,142.00,154448
hive-router,25,181,1656.8062145644374,107.8972916,1,140.00,154448
hive-router,25,181,1664.113600827472,112.289666,1,142.00,154448
hive-router,26,192,1657.923493264792,113.04995805000007,1,143.00,154448
hive-router,26,192,1666.2604159868624,116.17397860000004,1,141.00,154448
hive-router,26,203,1676.1800540188656,120.111338,1,143.00,154448
hive-router,27,203,1672.9596163901263,124.7378705,1,144.00,154448
hive-router,27,203,1677.8616703405012,125.2269445,1,143.00,154448
hive-router,28,214,1688.3321076027673,128.38356359999997,1,144.00,154448
hive-router,28,214,1694.5446950484054,132.4102695,1,143.00,154448
hive-router,28,214,1688.4619640886076,132.9692394,1,144.00,154448
hive-router,29,226,1694.3515738760077,135.95118125000002,1,146.00,154448
hive-router,29,226,1703.0154781431268,140.21177864999999,1,144.00,154448
hive-router,29,226,1699.2191987148974,141.51790990000003,1,146.00,154448
hive-router,30,237,1706.0689978658545,144.2904939999998,1,144.00,154448
hive-router,30,237,1716.150364045298,148.59842969999994,1,146.00,154448
hive-router,31,248,1706.6562717281636,149.4808826,1,147.00,154448
hive-router,31,248,1716.459720188487,152.9742443,1,146.00,154448
hive-router,31,248,1722.1738264453686,156.1773771999999,1,147.00,154448
hive-router,32,260,1731.204594641503,159.63685800000002,1,149.00,154448
hive-router,32,260,1728.910972917397,164.03611375,1,147.00,154448
hive-router,33,271,1722.801718338028,163.514823,1,149.00,154448
hive-router,33,271,1733.5458148075556,167.41601489999996,1,147.00,154448
hive-router,33,271,1734.3192266071585,171.11672899999996,1,148.00,154448
hive-router,34,282,1735.6430122353615,172.78727505,1,150.00,154448
hive-router,34,282,1744.243666251275,174.24192705,1,149.00,154448
hive-router,35,293,1746.7243400512843,178.97216389999997,1,151.00,154448
hive-router,35,293,1743.2917896019937,181.7564949,1,149.00,154448
hive-router,36,293,1747.1960497396487,184.3879643,1,151.00,154448
hive-router,36,305,1750.8382910119494,187.23487924999998,1,150.00,154448
hive-router,37,305,1754.1276862950676,190.56755769999998,1,152.00,154448
hive-router,37,316,1761.0218631711523,195.86140639999996,1,151.00,154448
hive-router,38,327,1764.1726895183863,198.73388185,1,153.00,154448
hive-router,38,327,1769.1708514861602,201.84270985,1,152.00,154448
hive-router,39,338,1774.4055168078285,205.17481079999996,1,154.00,154448
hive-router,39,338,1779.5871509234703,209.13167629999998,1,153.00,154448
hive-router,40,350,1782.7141161367908,213.971631,1,153.00,154448
hive-router,41,350,1788.5228776806632,218.41856425,1,154.00,154448
hive-router,41,362,1787.0400114081888,223.11857225,1,154.00,154448
hive-router,42,372,1794.7359526044547,227.29671419999974,1,155.00,154448
hive-router,42,372,1788.5908355881757,229.97374135000007,1,154.00,154448
hive-router,43,372,1793.9762635231434,234.4654375,1,155.00,154448
hive-router,43,384,1796.1458637032679,237.78355225,1,155.00,154448
hive-router,44,394,1798.5103456920003,240.75198299999994,1,157.00,154448
hive-router,44,394,1801.5903002907085,244.631843,1,156.00,154448
hive-router,45,406,1807.6116624818326,249.5723592999998,1,156.00,154448
hive-router,46,418,1808.4123644499236,252.24445940000004,1,158.00,154448
hive-router,46,418,1813.4123836929762,256.945293,1,157.00,154448
hive-router,47,428,1814.702173258966,260.91625024999996,1,157.00,154448
hive-router,48,428,1820.2730226879087,263.4717081000001,1,159.00,154448
hive-router,48,440,1823.729092810496,267.5920309,1,158.00,154448
hive-router,49,451,1826.9653288771106,271.4977692,1,158.00,154448
hive-router,49,451,1832.0508555204306,276.04726875,1,159.00,154448
hive-router,50,462,1829.5091420467763,281.0733935,1,158.00,154448
hive-router,51,462,1830.7201759095624,284.29809850000004,1,160.00,154448
hive-router,51,473,1834.5048403856126,290.003855,1,160.00,154448
hive-router,52,485,1834.820037360644,293.28390225,1,159.00,154448
hive-router,53,485,1837.1976379991877,295.57740354999993,1,162.00,154448
hive-router,53,496,1841.31690353196,301.39207169999986,1,161.00,154448
hive-router,54,475,1845.3494859375724,302.3044626,1,161.00,154448
hive-router,55,475,1850.6476348226165,304.6970185,1,163.00,154448
hive-router,56,428,1858.9607340647324,306.66635775,1,163.00,154448
hive-router,56,392,1861.4480849324286,308.36287964999997,1,162.00,154448
hive-router,56,392,1859.4094387089772,308.0075525499998,1,163.00,154448
hive-router,57,338,1868.9225502959534,307.6869251999998,1,164.00,154448
hive-router,57,338,1861.525412631739,307.5439828,1,163.00,154448
hive-router,58,296,1873.9103161000387,306.7370665,1,164.00,154448
hive-router,58,296,1869.7314006246584,306.3117205,1,163.00,154448
hive-router,59,296,1875.973979969157,305.503821,1,165.00,154448
hive-router,59,248,1876.2774180136762,305.02493984999984,1,163.00,154448
hive-router,60,248,1873.21431064094,304.6986604,1,165.00,154448
hive-router,60,202,1880.6689463613463,303.9993366,1,164.00,154448
hive-router,60,202,1875.9139991977506,303.74919684999986,1,165.00,154448
hive-router,61,157,1880.413183890815,303.1606518999999,1,165.00,154448
hive-router,61,157,1881.0453781678355,302.79632150000003,1,164.00,154448
hive-router,62,112,1881.7785102959344,302.40737624999997,1,165.00,154448
hive-router,62,112,1883.1127182160642,302.1329137999999,1,164.00,154448
hive-router,62,112,1878.219377762578,301.91355815,1,165.00,154448
hive-router,63,67,1880.853594385805,301.49116200000003,1,166.00,154448
hive-gateway-router-runtime,8,1,148.48131243745672,10.529907149999998,1,174.20,2161908
hive-gateway-router-runtime,8,1,150.47552630428112,10.82059125,1,176.10,2161908
hive-gateway-router-runtime,8,1,153.34395147220718,11.748501599999983,1,172.60,2161908
hive-gateway-router-runtime,9,1,157.4811198725368,14.797354799999995,1,174.70,2161908
hive-gateway-router-runtime,9,6,166.49969707739905,18.918773899999998,1,176.80,2161908
hive-gateway-router-runtime,9,6,171.0906276490015,21.86602075,1,173.80,2161908
hive-gateway-router-runtime,9,6,176.98579672891634,26.19552245,1,176.00,2161908
hive-gateway-router-runtime,10,11,181.09947351041066,31.294488849999997,1,178.10,2161908
hive-gateway-router-runtime,10,11,185.94618889918578,36.27125129999997,1,180.20,2161908
hive-gateway-router-runtime,10,11,191.36999306614177,40.757924949999996,1,177.30,2161908
hive-gateway-router-runtime,11,11,195.48250367263316,47.22562939999999,1,179.30,2161908
hive-gateway-router-runtime,11,16,200.21964126427585,49.969241749999995,1,181.60,2161908
hive-gateway-router-runtime,11,16,205.93293375481036,54.38264464999999,1,179.10,2161908
hive-gateway-router-runtime,12,16,207.67063808575693,58.366389399999996,1,181.60,2161908
hive-gateway-router-runtime,12,21,211.31504621392915,64.29538194999995,1,183.50,2161908
hive-gateway-router-runtime,12,21,214.81240952346147,69.10804150000003,1,180.90,2161908
hive-gateway-router-runtime,13,21,220.24057112942955,73.8914831,1,182.90,2161908
hive-gateway-router-runtime,13,26,221.2889068656957,77.7309235,1,185.30,2161908
hive-gateway-router-runtime,13,26,224.40387317201933,83.48417345,1,182.60,2161908
hive-gateway-router-runtime,13,26,229.40636550123062,87.44618274999996,1,184.70,2161908
hive-gateway-router-runtime,14,31,231.9971739411144,92.4777198,1,186.70,2161908
hive-gateway-router-runtime,14,31,234.0847529990976,96.579359,1,184.00,2161908
hive-gateway-router-runtime,14,31,237.3282470304651,101.225165,1,186.20,2161908
hive-gateway-router-runtime,15,36,239.32731864556888,105.5999068,1,188.20,2161908
hive-gateway-router-runtime,15,36,241.45294761942156,108.48306889999996,1,190.20,2161120
hive-gateway-router-runtime,15,36,242.46604950348984,115.1547006,1,187.60,2161120
hive-gateway-router-runtime,16,36,244.0814699709194,120.32654429999998,1,189.40,2161120
hive-gateway-router-runtime,16,41,245.5085597917018,125.30811909999996,1,191.50,2161120
hive-gateway-router-runtime,16,41,247.8068461462583,131.02534315,1,188.90,2161120
hive-gateway-router-runtime,17,41,251.79881094264863,135.53902,1,190.90,2161120
hive-gateway-router-runtime,17,46,251.09653256514036,141.156029,1,192.90,2161120
hive-gateway-router-runtime,17,46,253.6135216033706,145.98689669999993,1,190.30,2161120
hive-gateway-router-runtime,18,46,254.8442004858872,149.75736204999995,1,192.10,2161120
hive-gateway-router-runtime,18,53,255.45352935869607,153.952821,1,194.20,2161120
hive-gateway-router-runtime,18,53,256.8998238646826,162.18204570000003,1,191.50,2161120
hive-gateway-router-runtime,19,53,259.5982874877041,167.7228394,1,193.20,2161120
hive-gateway-router-runtime,19,64,258.9084632766844,176.1126846,1,195.00,2161120
hive-gateway-router-runtime,19,64,260.20170991139537,186.65511970000003,1,192.20,2161120
hive-gateway-router-runtime,19,64,262.3830239607555,199.8968875,1,194.20,2161120
hive-gateway-router-runtime,20,76,263.62519180679305,211.08621659999994,1,195.80,2161120
hive-gateway-router-runtime,20,76,264.7849240236891,219.94671494999994,1,197.80,2161120
hive-gateway-router-runtime,20,76,264.842678656024,229.09364424999998,1,195.20,2161120
hive-gateway-router-runtime,21,87,267.1924519259984,235.81615480000005,1,196.90,2161120
hive-gateway-router-runtime,21,87,267.7900198892141,244.42770834999996,1,198.30,2161120
hive-gateway-router-runtime,21,87,269.14734043010924,250.31051434999986,1,196.10,2161120
hive-gateway-router-runtime,22,87,269.59975161258586,261.23197899999997,1,197.60,2161120
hive-gateway-router-runtime,22,98,271.08857840903073,269.44761595,1,199.20,2161120
hive-gateway-router-runtime,22,98,272.43399007548607,280.95759949999996,1,196.80,2161120
hive-gateway-router-runtime,23,98,272.73924514918247,289.5941694,1,198.50,2161120
hive-gateway-router-runtime,23,110,273.2625587236987,303.899359,1,200.30,2161120
hive-gateway-router-runtime,23,110,274.1211270135407,313.15227589999995,1,198.00,2161120
hive-gateway-router-runtime,24,110,274.64764413282006,324.42057950000003,1,199.50,2161120
hive-gateway-router-runtime,24,121,276.2490680763452,332.29394299999996,1,201.30,2161120
hive-gateway-router-runtime,24,121,275.72802634411323,341.54332219999986,1,198.60,2161120
hive-gateway-router-runtime,24,121,276.7197619164923,353.42152889999994,1,200.30,2161120
hive-gateway-router-runtime,25,132,278.0483432005414,371.82912624999994,1,201.90,2161120
hive-gateway-router-runtime,25,132,278.2746836343127,378.48574275,1,199.50,2161248
hive-gateway-router-runtime,25,132,279.06679978776964,390.00203569999996,1,201.10,2161248
hive-gateway-router-runtime,26,143,278.4273674194918,394.81241099999994,1,202.80,2161248
hive-gateway-router-runtime,26,143,279.49901657064265,409.450294,1,204.40,2161248
hive-gateway-router-runtime,26,143,280.20039842925655,420.91365299999967,1,201.80,2161248
hive-gateway-router-runtime,27,155,280.9118782506469,435.2418143999997,1,203.30,2161248
hive-gateway-router-runtime,27,155,281.44018225263665,449.20209475,1,204.90,2161248
hive-gateway-router-runtime,27,155,281.5840331663283,452.67319319999996,1,202.50,2161248
hive-gateway-router-runtime,28,155,282.25604891258286,463.8020823999999,1,204.00,2161248
hive-gateway-router-runtime,28,166,282.3763399477246,473.5351407999997,1,205.50,2161248
hive-gateway-router-runtime,28,166,283.4708266217216,481.1945972999999,1,203.10,2161248
hive-gateway-router-runtime,29,166,283.2639116437442,488.49303875,1,204.60,2161248
hive-gateway-router-runtime,29,177,283.90016839050566,496.57582584999983,1,206.20,2161248
hive-gateway-router-runtime,29,177,284.16675620591155,504.2758708,1,203.80,2161248
hive-gateway-router-runtime,30,177,284.99507862213494,521.8961107999999,1,205.40,2161248
hive-gateway-router-runtime,30,188,285.7573011315799,536.4446820499996,1,206.80,2161248
hive-gateway-router-runtime,30,188,284.84412109043154,542.1160937,1,204.50,2161248
hive-gateway-router-runtime,31,188,286.7675534208636,554.3495248,1,206.10,2161248
hive-gateway-router-runtime,31,200,286.7052765606021,560.6263654,1,207.50,2161248
hive-gateway-router-runtime,31,200,287.4453597734458,568.2055872,1,205.20,2161248
hive-gateway-router-runtime,31,200,287.29923192064064,573.0537678999999,1,206.60,2161248
hive-gateway-router-runtime,32,211,288.44180272591177,580.9484031,1,208.20,2161248
hive-gateway-router-runtime,32,211,288.4293852223068,589.1802856999999,1,206.30,2161248
hive-gateway-router-runtime,32,211,289.0519383329619,604.8645296999999,1,207.50,2161248
hive-gateway-router-runtime,33,222,289.1962666796573,616.5491612999999,1,208.90,2161248
hive-gateway-router-runtime,33,222,288.8688620802835,627.82259575,1,210.30,2161248
hive-gateway-router-runtime,33,222,289.73778913305887,650.1362090000002,1,208.00,2161248
hive-gateway-router-runtime,34,222,290.45507825475687,660.0728282499999,1,209.50,2161248
hive-gateway-router-runtime,34,233,290.2767089611788,669.08099225,1,210.90,2161248
hive-gateway-router-runtime,34,233,290.3318187249511,674.4066017999997,1,208.80,2161248
hive-gateway-router-runtime,35,233,291.595992485909,685.1999997500001,1,210.30,2161248
hive-gateway-router-runtime,35,244,292.2989729933184,689.7208116999999,1,211.60,2161248
hive-gateway-router-runtime,35,244,291.65346599570074,694.9396927999998,1,209.40,2161248
hive-gateway-router-runtime,36,244,292.9662117095225,714.1356781,1,210.90,2161248
hive-gateway-router-runtime,36,256,292.9626611909659,723.432074,1,212.20,2161248
hive-gateway-router-runtime,36,256,293.94069844948416,728.9727399500001,1,210.10,2161248
hive-gateway-router-runtime,37,256,292.63805774986326,733.7143198999997,1,211.70,2161248
hive-gateway-router-runtime,37,267,293.4720253059228,750.1664959000001,1,213.00,2161248
hive-gateway-router-runtime,37,267,294.0580746495537,770.4463714999999,1,210.80,2161248
hive-gateway-router-runtime,38,267,293.57872710455723,778.44090175,1,212.00,2161248
hive-gateway-router-runtime,38,278,295.00007677878216,791.6899298,1,213.40,2161248
hive-gateway-router-runtime,38,278,294.7245809219176,796.9948668999999,1,211.30,2161248
hive-gateway-router-runtime,39,278,295.062642052828,805.0933316,1,212.40,2161248
hive-gateway-router-runtime,39,289,295.33471361227276,817.4778518,1,213.80,2161248
hive-gateway-router-runtime,39,289,295.60228310235277,831.1643449999999,1,212.00,2161248
hive-gateway-router-runtime,40,289,296.28054771789743,838.6640414999999,1,213.20,2161248
hive-gateway-router-runtime,40,301,296.1836087883085,844.1434547000001,1,214.40,2161248
hive-gateway-router-runtime,40,301,297.2326605568967,855.3937543999998,1,212.60,2161248
hive-gateway-router-runtime,41,301,296.8728426440377,866.3815733,1,213.70,2161248
hive-gateway-router-runtime,41,312,296.6897502044857,879.1449395,1,215.00,2161248
hive-gateway-router-runtime,41,312,297.79445452364035,894.04534375,1,213.20,2161248
hive-gateway-router-runtime,41,312,297.59651333165436,901.1585391999998,1,214.30,2161248
hive-gateway-router-runtime,42,323,297.49128941436567,906.56966025,1,215.70,2161248
hive-gateway-router-runtime,42,323,297.8632882713193,915.7216158499999,1,213.60,2161248
hive-gateway-router-runtime,42,323,297.7279185438627,927.260231,1,214.80,2161248
hive-gateway-router-runtime,43,334,298.33344374652967,938.2233947999997,1,216.00,2161248
hive-gateway-router-runtime,43,334,298.4672470944051,946.7352584,1,217.10,2161248
hive-gateway-router-runtime,43,334,299.06591810831696,953.88428235,1,215.30,2161248
hive-gateway-router-runtime,44,334,299.0056728268762,959.3859694499996,1,216.70,2161376
hive-gateway-router-runtime,44,346,299.7239035560854,974.5413852,1,217.80,2161376
hive-gateway-router-runtime,44,346,299.45531528551993,983.1009777500001,1,215.80,2161376
hive-gateway-router-runtime,45,346,299.071816936262,994.4879825999998,1,216.90,2161376
hive-gateway-router-runtime,45,357,299.84656106840595,1011.3254234,1,218.10,2161376
hive-gateway-router-runtime,45,357,299.8908360776389,1021.86137235,1,216.10,2161376
hive-gateway-router-runtime,46,357,299.73321124995056,1035.2337111,1,217.30,2161376
hive-gateway-router-runtime,46,369,300.6107897243965,1054.8628370000001,1,218.60,2161376
hive-gateway-router-runtime,46,369,300.7592177876183,1061.804105,1,216.60,2161376
hive-gateway-router-runtime,47,369,300.5139669117024,1067.0429500499997,1,217.80,2161376
hive-gateway-router-runtime,47,379,301.266238674704,1078.4584522,1,218.90,2161376
hive-gateway-router-runtime,47,379,301.9512598918261,1084.25712855,1,216.80,2161376
hive-gateway-router-runtime,48,379,301.33082590928774,1091.6347519499996,1,218.20,2161376
hive-gateway-router-runtime,48,391,301.40391706735716,1102.3975214,1,219.20,2161376
hive-gateway-router-runtime,48,391,301.7742855879087,1113.7756253999999,1,217.40,2161504
hive-gateway-router-runtime,49,391,302.03101152533884,1130.4605470000001,1,218.40,2161504
hive-gateway-router-runtime,49,402,301.8732324041074,1144.6218696999997,1,219.60,2161504
hive-gateway-router-runtime,49,402,301.81499909109476,1153.4346209999994,1,217.70,2161504
hive-gateway-router-runtime,49,402,302.1551685599161,1165.191951,1,218.70,2161504
hive-gateway-router-runtime,50,414,301.8653468531896,1171.7362477999998,1,219.80,2161504
hive-gateway-router-runtime,50,414,302.82403939693637,1186.705418,1,220.60,2161504
hive-gateway-router-runtime,50,414,302.28834820875835,1192.5379732499998,1,219.00,2161504
hive-gateway-router-runtime,51,414,302.4731543722721,1204.47985525,1,220.10,2161504
hive-gateway-router-runtime,51,424,303.58711459481805,1214.3260125499999,1,221.10,2161504
hive-gateway-router-runtime,51,424,303.11168302437795,1219.3485403999998,1,219.40,2161504
hive-gateway-router-runtime,52,424,302.277877931086,1226.4080062,1,220.40,2161888
hive-gateway-router-runtime,52,436,302.71821372835086,1244.6223154,1,221.40,2161888
hive-gateway-router-runtime,52,436,303.2647186059989,1270.939633,1,219.70,2161888
hive-gateway-router-runtime,53,436,303.53342948951297,1299.7206723,1,220.80,2161888
hive-gateway-router-runtime,53,447,303.17151394661465,1310.0748045,1,221.80,2161888
hive-gateway-router-runtime,53,447,302.53150784560444,1315.2565434999995,1,220.20,2161888
hive-gateway-router-runtime,54,447,303.19591711293566,1327.0097175499998,1,221.40,2161888
hive-gateway-router-runtime,54,458,304.0118123521245,1346.74800095,1,222.50,2161888
hive-gateway-router-runtime,54,458,303.6749091118449,1348.4468387,1,220.60,2161888
hive-gateway-router-runtime,55,469,304.0142249305502,1354.2171501999999,1,221.80,2163296
hive-gateway-router-runtime,55,469,303.4277414446431,1357.0658217499997,1,222.80,2167264
hive-gateway-router-runtime,55,469,304.1275913115868,1372.5370848999999,1,220.90,2169312
hive-gateway-router-runtime,56,469,303.5077233301936,1381.689812,1,222.10,2169312
hive-gateway-router-runtime,56,481,303.9259268953588,1401.6079876,1,222.90,2169312
hive-gateway-router-runtime,56,481,304.00115090327597,1417.1088793999995,1,221.20,2169312
hive-gateway-router-runtime,57,481,303.5486941729363,1426.0944425,1,222.10,2169312
hive-gateway-router-runtime,57,492,303.96565920340674,1445.6302395499997,1,223.00,2169312
hive-gateway-router-runtime,57,492,304.06971392350704,1453.7874444,1,221.30,2169312
hive-gateway-router-runtime,57,492,305.129299262214,1461.2456907999995,1,222.30,2169312
hive-gateway-router-runtime,58,499,304.3056834989309,1462.7760265,1,223.20,2169312
hive-gateway-router-runtime,58,499,304.35621076974127,1465.81367925,1,221.60,2169312
hive-gateway-router-runtime,58,499,304.4420172662924,1473.0733880000003,1,222.40,2171360
hive-gateway-router-runtime,59,469,305.3337889897658,1486.1218023,1,223.60,2171488
hive-gateway-router-runtime,59,469,305.37375324014647,1499.34791785,1,224.50,2172000
hive-gateway-router-runtime,59,469,304.88828303576145,1506.3644042999983,1,222.80,2172000
hive-gateway-router-runtime,60,469,304.66357252248366,1512.8444780999992,1,223.70,2172000
hive-gateway-router-runtime,60,432,304.9520078402568,1520.6405491500002,1,224.70,2172000
hive-gateway-router-runtime,60,432,305.4353373045975,1523.5815372499997,1,223.10,2172000
hive-gateway-router-runtime,61,432,305.69206628278965,1530.0111436,1,224.00,2172000
hive-gateway-router-runtime,61,376,305.9461496335599,1529.14125255,1,224.90,2172000
hive-gateway-router-runtime,61,376,306.22798737878423,1528.5059981500003,1,223.40,2175456
hive-gateway-router-runtime,62,376,306.8089112076179,1527.0434048499997,1,224.40,2180064
hive-gateway-router-runtime,62,331,306.8058673186968,1526.546702,1,225.30,2184032
hive-gateway-router-runtime,62,331,307.26826012092886,1525.35519885,1,223.70,2189024
hive-gateway-router-runtime,62,331,307.0696763553135,1525.1012558,1,224.50,2191072
hive-gateway-router-runtime,63,286,307.22916028391217,1523.8547400999998,1,225.60,2191072
hive-gateway-router-runtime,63,286,307.40532033129364,1522.8705938000005,1,226.50,2191072
hive-gateway-router-runtime,63,286,307.7485239802132,1522.1613321999998,1,224.90,2191072
hive-gateway-router-runtime,64,235,307.93631330064056,1521.5746613499998,1,225.80,2191072
hive-gateway-router-runtime,64,235,308.1698024488557,1520.7400519999999,1,226.70,2191072
hive-gateway-router-runtime,64,235,307.9930101872013,1519.4604243,1,225.10,2191072
hive-gateway-router-runtime,65,235,308.76200828897504,1518.6784779999998,1,225.90,2191072
hive-gateway-router-runtime,65,186,308.6166583885876,1517.7785373999995,1,226.90,2191072
hive-gateway-router-runtime,65,186,309.34251176124917,1515.824713,1,225.30,2191072
hive-gateway-router-runtime,66,186,309.15836061717215,1515.3453146499999,1,226.10,2191072
hive-gateway-router-runtime,66,133,309.79331523587734,1514.4318001999998,1,227.10,2191072
hive-gateway-router-runtime,66,133,309.7806685990383,1513.583766,1,225.50,2191584
hive-gateway-router-runtime,67,133,309.9070812036412,1512.9450085999997,1,226.40,2191584
hive-gateway-router-runtime,67,89,310.09055887167716,1511.3604825999996,1,227.40,2191584
hive-gateway-router-runtime,67,89,310.65540171283146,1510.0528996499997,1,225.70,2191584
hive-gateway,11,5,118.33850549176255,24.073684,1,188.10,2714460
hive-gateway,11,5,122.1290459139262,27.600662399999997,1,190.40,2715740
hive-gateway,11,5,126.06175568875001,33.13976249999999,1,187.40,2718300
hive-gateway,12,10,128.87221238255023,36.8779395,1,189.70,2719708
hive-gateway,12,10,132.09374184510895,40.59085819999999,1,191.80,2721372
hive-gateway,12,10,135.84633754809846,47.72842219999997,1,193.80,2722908
hive-gateway,12,15,139.64570600894587,51.48095789999998,1,191.10,2723932
hive-gateway,13,15,142.88965213653861,57.27117779999999,1,193.20,2725340
hive-gateway,13,15,145.97551061496716,63.38588089999999,1,195.70,2727004
hive-gateway,13,15,145.90446270331398,66.64663589999999,1,193.10,2789384
hive-gateway,14,20,146.8973035363538,72.40652719999999,1,195.20,2767544
hive-gateway,14,20,150.21603915161893,82.58143459999998,1,197.20,2767544
hive-gateway,14,20,151.98077917101605,85.96350379999998,1,194.50,2767544
hive-gateway,15,25,154.87933059347344,89.9826773,1,196.70,2767544
hive-gateway,15,25,158.678871421655,94.75577759999993,1,198.90,2767544
hive-gateway,15,25,161.4918901963692,101.16624229999981,1,196.20,2767544
hive-gateway,16,30,164.12543344945948,103.58008315,1,198.30,2767544
hive-gateway,16,30,165.5628356566144,107.20707250000001,1,200.20,2767544
hive-gateway,16,30,169.6356053040135,111.86578039999993,1,202.10,2767544
hive-gateway,16,35,172.0717851392802,115.7925691,1,199.50,2767544
hive-gateway,17,35,174.46677826785697,118.93461180000001,1,201.40,2767544
hive-gateway,17,35,176.6883730833345,121.8782689,1,203.40,2767544
hive-gateway,17,35,178.77225715379097,124.3029184,1,201.00,2767544
hive-gateway,18,40,179.81075926356348,127.57113325000002,1,203.00,2767544
hive-gateway,18,40,182.00183776781893,136.04007599999994,1,204.90,2783092
hive-gateway,18,40,184.13629257983357,137.489618,1,202.40,2783092
hive-gateway,19,45,186.3505528599709,144.19402079999995,1,204.40,2783092
hive-gateway,19,45,187.5126658817866,153.073815,1,206.40,2783092
hive-gateway,19,45,190.3522119009856,155.8912736,1,203.90,2783092
hive-gateway,20,51,191.98273081838283,158.881855,1,206.00,2783092
hive-gateway,20,51,193.05310423715252,168.135787,1,208.30,2791364
hive-gateway,20,51,195.05368822467304,181.706023,1,206.00,2791492
hive-gateway,21,62,196.59977996786733,190.40091629999995,1,208.10,2807952
hive-gateway,21,62,196.45535227744696,200.64754644999988,1,210.00,2807952
hive-gateway,21,62,196.63811524608164,217.48001859999997,1,207.60,2795528
hive-gateway,22,73,199.7997487790769,240.72533779999966,1,209.40,2795528
hive-gateway,22,73,199.77800589107113,246.676154,1,211.30,2794516
hive-gateway,22,73,201.40598269588992,258.0856203999999,1,208.80,2794516
hive-gateway,23,84,201.80561663935836,264.1115005999999,1,210.80,2794516
hive-gateway,23,84,203.91942781392805,271.8574863999999,1,212.60,2794516
hive-gateway,23,84,205.25679786654263,281.2007498,1,210.60,2794516
hive-gateway,24,96,207.32782704062157,296.8033172,1,212.40,2794644
hive-gateway,24,96,207.4639721572037,305.2692661,1,214.20,2794644
hive-gateway,24,96,210.8623336370392,323.31292650000006,1,211.80,2794772
hive-gateway,25,107,211.80964349244474,333.8396079999999,1,213.70,2794772
hive-gateway,25,107,213.7262500674817,343.017833,1,215.50,2794772
hive-gateway,25,107,214.5086633814523,355.20257985000006,1,217.00,2794772
hive-gateway,25,107,215.7444462078647,366.09175849999997,1,214.70,2794772
hive-gateway,26,118,215.60641638934538,367.2038977999999,1,216.60,2794772
hive-gateway,26,118,217.8275759257828,381.67310875,1,218.30,2794772
hive-gateway,26,118,218.23128689487174,397.40109659999985,1,215.90,2794772
hive-gateway,27,129,220.26209966198442,400.9229057999999,1,217.80,2794772
hive-gateway,27,129,220.5342835214362,405.5223884,1,219.60,2794772
hive-gateway,27,129,222.01709889770947,421.9575005,1,217.00,2794772
hive-gateway,28,141,223.21225658673387,432.630909,1,218.80,2795028
hive-gateway,28,141,225.26909302369324,434.30507074999997,1,220.40,2795796
hive-gateway,28,141,225.46534237370582,434.28956949999997,1,218.10,2795796
hive-gateway,29,152,224.9589739665147,439.1227801999999,1,219.70,2795300
hive-gateway,29,152,226.0171782033241,449.5536081999999,1,221.20,2795300
hive-gateway,29,152,225.3014554547982,455.7172766499999,1,218.80,2795300
hive-gateway,30,163,227.03208622956197,495.2113273999984,1,220.50,2795300
hive-gateway,30,163,228.4216356971068,520.7974272499999,1,222.10,2795300
hive-gateway,30,163,229.202082376048,530.3849597999998,1,219.80,2795300
hive-gateway,31,175,230.54273295363436,536.32453805,1,221.30,2795300
hive-gateway,31,175,230.3223874548098,541.5679478999998,1,223.00,2795300
hive-gateway,31,175,231.40684461773543,549.3750324999996,1,224.50,2795300
hive-gateway,31,175,230.93233084298396,569.0380293999998,1,222.00,2795300
hive-gateway,32,186,233.56558444416495,613.662791,1,223.50,2795300
hive-gateway,32,186,234.49932821303406,611.8690095999997,1,225.30,2795300
hive-gateway,32,186,234.85275652610147,647.438400799999,1,222.80,2795300
hive-gateway,33,197,236.618057064472,654.7248455999999,1,224.30,2795300
hive-gateway,33,197,236.22339495587403,654.4299834999998,1,225.80,2795300
hive-gateway,33,197,237.8018621182782,654.0913559999999,1,223.50,2795300
hive-gateway,34,208,236.96851913936246,660.7515317499999,1,224.90,2795300
hive-gateway,34,208,237.56642227529744,671.813177,1,226.50,2795300
hive-gateway,34,208,237.85178752472092,689.1256709999997,1,224.30,2795300
hive-gateway,35,208,238.50612183896422,689.2533791999999,1,225.80,2795300
hive-gateway,35,220,241.42522708995986,688.4645595999999,1,227.30,2795300
hive-gateway,35,220,242.04820132786574,695.8554312499999,1,228.70,2795300
hive-gateway,35,220,240.61770059624584,694.2642156499988,1,226.40,2795300
hive-gateway,36,231,239.03789292601445,693.9490477999996,1,228.00,2795300
hive-gateway,36,231,242.1664746878861,770.4572093999998,1,229.40,2795300
hive-gateway,36,231,242.69622871313572,792.9062262999998,1,227.10,2795300
hive-gateway,37,242,242.9518025404716,793.1217287999992,1,229.10,2795300
hive-gateway,37,242,242.88070183925944,792.8913129,1,230.50,2795300
hive-gateway,37,242,244.6531751244493,808.9699896999997,1,228.30,2795300
hive-gateway,38,253,244.42574392539117,815.7974326999997,1,229.80,2813592
hive-gateway,38,253,245.6430862363521,843.0084680000006,1,231.20,2813592
hive-gateway,38,253,244.4715453080945,844.1220430500001,1,229.20,2813592
hive-gateway,39,265,246.16944506955593,878.2384139,1,230.60,2813592
hive-gateway,39,265,247.02946611558207,877.8303018999999,1,232.20,2813592
hive-gateway,39,265,247.47707245642957,877.68379475,1,229.90,2813592
hive-gateway,40,276,247.33445903561835,877.6451529999998,1,231.30,2813592
hive-gateway,40,276,250.03101534194607,891.6439573999996,1,232.70,2813592
hive-gateway,40,276,249.6988389537009,893.1504145999995,1,230.60,2813592
hive-gateway,41,287,250.57506240904,905.8724492,1,232.00,2813592
hive-gateway,41,287,251.325011522565,911.23177815,1,233.20,2813592
hive-gateway,41,287,249.62706572642182,912.8397219999999,1,231.30,2813592
hive-gateway,42,298,252.27803654219417,930.7623322,1,232.50,2817868
hive-gateway,42,298,251.41716043709522,942.8931546999988,1,233.70,2817868
hive-gateway,42,298,249.72598787665262,942.8931546999988,1,235.00,2817868
hive-gateway,42,298,250.5860074230013,980.1166296999997,1,232.70,2817996
hive-gateway,43,309,250.68839940055764,1015.5215713000002,1,234.20,2817996
hive-gateway,43,309,251.384896145174,1054.0332697499998,1,235.60,2817996
hive-gateway,43,309,253.24085886292593,1058.2178324,1,233.60,2817996
hive-gateway,44,321,252.4670931568447,1058.2315135999997,1,234.90,2817996
hive-gateway,44,321,252.44498211400432,1088.1756675000001,1,236.20,2817996
hive-gateway,44,321,253.49611697717262,1123.6152995999998,1,234.20,2817996
hive-gateway,45,332,254.90270652202693,1129.2841366000002,1,235.40,2817996
hive-gateway,45,332,253.16981765512654,1129.44541345,1,236.90,2817996
hive-gateway,45,332,252.63664400637512,1133.8491610999997,1,234.90,2817996
hive-gateway,46,343,255.10832477925035,1149.1502483000002,1,236.30,2817996
hive-gateway,46,343,255.10724408221742,1154.0014617,1,237.40,2817996
hive-gateway,46,343,254.84947567215616,1175.301303,1,235.40,2817996
hive-gateway,47,354,255.63645360675702,1186.5185920000001,1,236.60,2817996
hive-gateway,47,354,256.0922545625556,1202.0629387499998,1,238.00,2817996
hive-gateway,47,354,255.40247079934417,1202.9026681999999,1,236.00,2817996
hive-gateway,48,366,255.18658837912514,1206.8965374999998,1,237.20,2817996
hive-gateway,48,366,259.0270743439009,1206.2596131999999,1,238.40,2817996
hive-gateway,48,366,257.9242435746357,1208.2380251499999,1,239.50,2817996
hive-gateway,49,366,256.3669990417261,1208.2380251499999,1,237.50,2817996
hive-gateway,49,377,254.70240208937062,1208.2380251499999,1,238.80,2817996
hive-gateway,49,377,256.96644968722336,1222.5135228000001,1,240.00,2817996
hive-gateway,49,377,258.62113544241026,1255.9244919999999,1,238.00,2817996
hive-gateway,50,388,258.4860150159075,1259.6139314,1,239.30,2817996
hive-gateway,50,388,258.5657250301704,1259.379149,1,240.60,2817996
hive-gateway,50,388,260.1162855051853,1269.0604207499998,1,238.60,2817996
hive-gateway,51,400,259.6435471527146,1273.9048686999995,1,239.70,2817996
hive-gateway,51,400,258.3468140776743,1274.2955805,1,240.90,2817996
hive-gateway,51,400,260.6721732346332,1329.8300598999997,1,238.90,2817996
hive-gateway,52,411,260.7817565520966,1336.4287496499996,1,240.00,2817996
hive-gateway,52,411,261.091605485044,1348.4998395999994,1,241.20,2818124
hive-gateway,52,411,259.8643640736186,1352.0293535,1,239.20,2818124
hive-gateway,53,422,261.08363326206427,1350.4771935999993,1,240.50,2818124
hive-gateway,53,422,261.19920408868256,1373.7252840999995,1,241.60,2818124
hive-gateway,53,422,262.341627173976,1392.5171523,1,239.70,2818124
hive-gateway,54,433,261.2158449154146,1392.5937250499999,1,240.80,2818124
hive-gateway,54,433,262.6667462025712,1392.6702977999998,1,241.90,2818124
hive-gateway,54,433,262.0355580450632,1396.1006981,1,243.00,2776240
hive-gateway,55,433,261.7063249858232,1400.0794384999992,1,241.40,2776240
hive-gateway,55,445,263.8245700323218,1415.4007646999999,1,242.60,2776240
hive-gateway,55,445,262.625102621619,1417.1778536,1,243.60,2777520
hive-gateway,55,445,261.42574623232537,1417.478003,1,241.80,2809136
hive-gateway,56,456,260.1870487998533,1417.478003,1,243.00,2841008
hive-gateway,56,456,261.0854558580623,1466.8597501999998,1,244.10,2841008
hive-gateway,56,456,263.03804663507333,1562.2609788499992,1,242.20,2841136
hive-gateway,57,467,262.54696390500607,1578.3567001999998,1,243.40,2841136
hive-gateway,57,467,263.6950804303036,1580.7076665,1,244.40,2841136
hive-gateway,57,467,263.04640213699383,1580.6445167999998,1,242.40,2841136
hive-gateway,58,478,261.7363976152912,1581.2743715,1,243.60,2841136
hive-gateway,58,478,264.455497044951,1579.48168975,1,244.70,2841136
hive-gateway,58,478,263.6424620042793,1579.7571896999996,1,242.90,2841136
hive-gateway,59,489,264.85321992878517,1579.1961186,1,243.90,2841264
hive-gateway,59,489,265.0009810829065,1581.6519125,1,244.80,2841264
hive-gateway,59,489,263.5111033925688,1581.6519125,1,243.20,2860732
hive-gateway,60,500,263.10355222405883,1581.5995123999999,1,244.50,2881800
hive-gateway,60,500,265.1596485648031,1615.5508867999997,1,245.40,2881800
hive-gateway,60,500,265.3841042380775,1614.9739615999997,1,246.40,2901000
hive-gateway,61,500,265.7159042307984,1635.7718940999998,1,244.60,2916104
hive-gateway,61,494,264.2485860753979,1636.4363341999997,1,245.60,2950664
hive-gateway,61,494,266.1165703344527,1646.5456605999996,1,246.60,2955784
hive-gateway,61,494,265.9969423279521,1645.6338435999999,1,245.10,2955784
hive-gateway,62,429,266.1404518088441,1653.8847843999997,1,246.10,2955912
hive-gateway,62,429,266.1784923362784,1679.4727887999998,1,247.00,2955912
hive-gateway,62,429,265.9100151355814,1678.01431525,1,245.20,2955912
hive-gateway,63,394,265.50953659493615,1681.7636732,1,246.10,2956040
hive-gateway,63,394,267.44950599387226,1688.628424199999,1,247.10,2956040
hive-gateway,63,394,267.3652785078937,1687.628022,1,245.30,2956040
hive-gateway,64,342,266.9904421483876,1687.2091982999998,1,246.30,2956040
hive-gateway,64,342,267.65667725897794,1686.39812805,1,247.50,2956040
hive-gateway,64,342,268.80144581969853,1685.1425784499997,1,248.30,2956040
hive-gateway,64,342,267.84890179341335,1685.130631,1,246.50,2956040
hive-gateway,65,295,267.706332367572,1684.6946368499996,1,247.70,2956040
hive-gateway,65,295,268.61709543695093,1683.584046699999,1,248.60,2956040
hive-gateway,65,295,267.3762951564561,1683.584046699999,1,246.90,2956040
hive-gateway,66,256,267.23183500368503,1682.4625791999997,1,247.90,2956040
hive-gateway,66,256,268.5141858011781,1679.6787215999996,1,248.90,2956040
hive-gateway,66,256,269.11143409854304,1677.13903,1,247.20,2956040
hive-gateway,67,196,269.17696600199235,1675.6690241499996,1,248.20,2956040
hive-gateway,67,196,269.2649767719986,1674.8349991000002,1,249.10,2956040
hive-gateway,67,196,270.2359266820565,1671.9990685,1,247.40,2956040
hive-gateway,68,152,270.3776110105607,1670.6578739999986,1,248.40,2956040
hive-gateway,68,152,270.7476858656759,1668.8558815000001,1,249.40,2956040
hive-gateway,68,152,270.9658275360439,1667.3849316999995,1,247.70,2956040
hive-gateway,69,101,271.31573153179266,1665.2937011999998,1,248.60,2956040
hive-gateway,69,101,271.79391308584127,1662.9977599999995,1,249.50,2956040
hive-gateway,69,101,271.97709855268613,1661.6964174,1,250.60,2956040
grafbase,5,1,285.90619099634375,4.71067625,1,127.00,113108
grafbase,5,1,299.3164642674426,4.77610125,1,123.00,108708
grafbase,5,1,318.23757783841603,5.736997,1,124.00,101916
grafbase,5,1,346.10908417266904,6.6968584,1,126.00,99528
grafbase,6,6,380.0534442768281,7.56677395,1,127.00,94676
grafbase,6,6,419.49605475042773,8.7074315,1,124.00,91872
grafbase,6,6,447.1818644581714,9.9989945,1,126.00,88044
grafbase,6,11,474.76674892129915,10.988163549999992,1,127.00,85384
grafbase,7,11,501.60350600760546,12.029222799999971,1,129.00,83764
grafbase,7,11,544.4028709197394,13.893411899999997,1,126.00,81304
grafbase,7,11,574.0160976725639,14.079640000000001,1,128.00,80024
grafbase,7,16,603.9850127451188,15.9345925,1,129.00,77012
grafbase,8,16,632.2917807241314,15.999873800000001,1,127.00,75388
grafbase,8,16,659.1867883141831,18.1170127,1,128.00,75264
grafbase,8,16,684.7725256358921,18.207075,1,130.00,73860
grafbase,9,21,700.2229920167167,19.622287999999998,1,132.00,73860
grafbase,9,21,739.5561017927605,20.310686,1,129.00,74236
grafbase,9,21,757.1784996157292,21.5039175,1,131.00,74432
grafbase,9,26,779.4154093814897,22.379263949999974,1,133.00,74668
grafbase,10,26,805.3366131295337,23.806859399999993,1,131.00,74448
grafbase,10,26,819.0558624241112,24.4230521,1,132.00,73880
grafbase,10,31,849.4543139416651,26.141010849999997,1,134.00,74904
grafbase,11,31,859.2379232590117,27.137468499999997,1,136.00,75288
grafbase,11,31,884.6430020864567,27.418533,1,134.00,75256
grafbase,11,31,899.2977065275458,29.025511000000005,1,135.00,75540
grafbase,12,36,917.6308380290482,29.88389970000001,1,137.00,75492
grafbase,12,36,937.6212954392994,30.916871,1,135.00,76004
grafbase,12,36,952.1914458488104,31.87867415,1,137.00,76104
grafbase,12,41,971.9459022905675,32.45825199999999,1,139.00,76232
grafbase,13,41,977.9270987589139,33.234881949999995,1,140.00,76392
grafbase,13,41,1005.1443809996364,33.6388904,1,138.00,77672
grafbase,13,46,1026.2573622570692,35.35207014999998,1,140.00,79568
grafbase,14,46,1036.0026616811303,35.47625104999999,1,142.00,79916
grafbase,14,46,1045.9270038279722,36.9437709,1,140.00,81208
grafbase,14,46,1059.6810875511183,38.06551069999999,1,141.00,81960
grafbase,15,53,1068.1080515622218,39.01319659999999,1,143.00,83340
grafbase,15,53,1074.4596813685746,40.92968589999999,1,141.00,85048
grafbase,15,53,1091.8617329614353,42.062709749999996,1,143.00,84944
grafbase,16,65,1103.1424867098735,45.71187019999999,1,145.00,85256
grafbase,16,65,1106.30854356713,47.621048,1,142.00,85640
grafbase,16,65,1125.2394509599455,49.050521,1,144.00,87752
grafbase,17,76,1138.7381982500835,52.146914600000024,1,146.00,88648
grafbase,17,76,1136.8272078023856,53.353735,1,144.00,88544
grafbase,17,76,1155.2518945156482,54.927884199999994,1,146.00,91200
grafbase,18,87,1167.085612291962,58.26075524999999,1,148.00,92092
grafbase,18,87,1176.451348299207,60.750461,1,146.00,90516
grafbase,18,87,1186.9884736689578,62.0229025,1,148.00,95252
grafbase,19,98,1190.1020338933583,64.90759820000001,1,150.00,93860
grafbase,19,98,1202.1854725951557,66.42675779999996,1,148.00,94168
grafbase,19,98,1214.2984637398733,68.84634964999998,1,150.00,96600
grafbase,20,110,1215.055434571069,72.26186344999995,1,152.00,95544
grafbase,20,110,1226.610984214325,73.342627,1,150.00,97488
grafbase,20,110,1235.7367368689224,77.27819125,1,152.00,102608
grafbase,21,121,1234.7079822736498,78.66222684999995,1,154.00,104648
grafbase,21,121,1252.9781363452807,81.27050149999997,1,152.00,101064
grafbase,22,132,1263.1055206030883,84.3040955,1,154.00,102856
grafbase,22,132,1263.1897959259963,87.56263929999997,1,152.00,102608
grafbase,22,132,1274.5245518873312,89.7929011,1,154.00,105176
grafbase,23,143,1281.710458199007,94.04689529999999,1,156.00,109936
grafbase,23,143,1284.0633116533136,96.6664517999998,1,154.00,108720
grafbase,23,143,1294.3017580711382,98.33696289999999,1,156.00,108892
grafbase,24,154,1306.2362076458296,102.55228844999995,1,155.00,112476
grafbase,24,154,1309.8569397594254,107.62787399999996,1,156.00,111656
grafbase,25,166,1313.2789241992928,107.63654749999999,1,158.00,108692
grafbase,25,166,1322.200470803072,113.13986119999997,1,157.00,112916
grafbase,25,166,1321.6742799834844,113.0240453,1,158.00,111992
grafbase,26,177,1332.0073040803757,117.6676875,1,160.00,111144
grafbase,26,177,1338.697277262142,122.45193779999987,1,158.00,112156
grafbase,26,177,1340.3283845081862,122.83489399999999,1,161.00,109804
grafbase,27,189,1347.837334887912,126.71881929999996,1,159.00,111200
grafbase,27,189,1358.3835440529335,132.09857559999992,1,161.00,117216
grafbase,28,200,1361.5052350312787,137.03432179999987,1,163.00,115012
grafbase,28,200,1362.9027547430353,136.23907375000005,1,161.00,112336
grafbase,28,200,1377.775729898514,141.31857134999998,1,163.00,120196
grafbase,29,211,1374.8345977499287,146.67160514999995,1,162.00,118976
grafbase,29,211,1379.1485743534263,149.75074049999992,1,164.00,115348
grafbase,30,222,1387.6081784311834,153.136841,1,163.00,113052
grafbase,30,222,1399.0292747935412,156.98005679999994,1,165.00,125200
grafbase,31,234,1396.9642613443275,161.2151084,1,167.00,121964
grafbase,31,234,1400.539398654391,161.5249705,1,166.00,123428
grafbase,32,245,1405.53973689635,165.01140734999993,1,165.00,127580
grafbase,32,245,1416.2971705477341,170.714847,1,167.00,132620
grafbase,33,256,1418.641566523566,173.66160219999998,1,167.00,125432
grafbase,34,256,1423.6749118159848,178.88827224999997,1,169.00,129348
grafbase,34,268,1433.4861982461616,183.14736799999994,1,168.00,130228
grafbase,34,268,1442.4920779951633,188.221996,1,169.00,140060
grafbase,35,278,1438.3954980295807,191.74135884999993,1,168.00,135304
grafbase,36,290,1444.5583991365627,195.11751329999998,1,171.00,130552
grafbase,36,290,1453.1041945675777,201.13997559999993,1,171.00,124392
grafbase,37,301,1455.3126980028824,205.80584900000002,1,170.00,123252
grafbase,37,301,1460.1580676740314,210.0386807,1,172.00,129088
grafbase,38,312,1466.2201076039994,213.55344150000002,1,172.00,125840
grafbase,39,324,1470.145271939369,216.907495,1,174.00,122700
grafbase,39,324,1476.1057782191249,221.45139719999992,1,173.00,130980
grafbase,40,334,1475.6178193326857,226.37497219999966,1,175.00,130340
grafbase,40,334,1482.8906543155488,229.1714780999999,1,174.00,126784
grafbase,41,346,1484.9585094167412,231.20281265,1,173.00,121572
grafbase,42,346,1490.2850025481277,236.33313,1,176.00,122796
grafbase,42,357,1496.985109480889,243.92141759999998,1,176.00,119272
grafbase,43,369,1497.764113398534,246.7366729,1,175.00,121412
grafbase,44,369,1501.035736279232,249.6594345,1,178.00,134520
grafbase,44,380,1503.5712058156817,253.743339,1,177.00,130788
grafbase,45,391,1510.9794189912768,258.9904353499999,1,177.00,135116
grafbase,46,403,1514.760646764602,265.3642413999999,1,177.00,132480
grafbase,46,403,1519.3753945101023,271.43648800000005,1,179.00,135568
grafbase,47,414,1525.482057733652,278.3914032,1,179.00,133680
grafbase,48,426,1531.6902937692087,283.05328795,1,179.00,128824
grafbase,49,436,1531.2312254111187,284.72685664999995,1,181.00,129748
grafbase,49,436,1533.8517814318,287.77814879999977,1,181.00,125996
grafbase,50,447,1536.1370460734524,292.05779719999987,1,181.00,125404
grafbase,51,458,1541.0580116293986,299.381468,1,181.00,120272
grafbase,52,470,1544.1728611517653,304.21372539999993,1,183.00,120760
grafbase,52,470,1546.6760619843103,308.2740792999999,1,183.00,136732
grafbase,53,481,1551.1794508832631,314.15362225,1,183.00,140868
grafbase,54,492,1555.4368640996609,319.66513905000005,1,183.00,139576
grafbase,55,497,1557.608336255081,325.0118735999999,1,183.00,144364
grafbase,56,451,1563.4354900892397,326.1371856,1,185.00,168852
grafbase,56,451,1571.7416965059938,329.421614,1,184.00,174404
grafbase,57,398,1574.4116909736472,332.170995,1,186.00,179756
grafbase,57,398,1574.1167468562167,331.4811805999999,1,186.00,168176
grafbase,58,352,1583.324074696552,330.6990452999999,1,185.00,165740
grafbase,59,352,1589.904753715884,330.38011875,1,187.00,166128
grafbase,59,313,1595.4078783930008,329.74950394999985,1,186.00,170224
grafbase,60,266,1591.9646348523622,329.2821770000001,1,188.00,157672
grafbase,60,266,1598.1693233928634,328.3944579,1,188.00,149644
grafbase,61,217,1603.5489478711515,327.5713836,1,187.00,148496
grafbase,61,217,1601.3576844053334,327.1569256999999,1,189.00,140748
grafbase,62,173,1607.0811688650688,326.4567936,1,188.00,136812
grafbase,62,173,1607.5878081011604,326.19447775,1,189.00,128368
grafbase,63,128,1612.2539240644662,325.5916749,1,188.00,124284
grafbase,63,128,1610.6605309293525,325.28155480000004,1,189.00,119780
grafbase,64,82,1611.189771742496,324.87629204999996,1,190.00,119072
cosmo,5,1,218.1966351049458,8.415934150000005,1,137.00,82100
cosmo,6,1,230.1951426861663,9.05770375,1,134.00,85628
cosmo,6,1,241.80185032769128,9.815641299999992,1,136.00,87252
cosmo,6,6,260.56308201107794,10.9045506,1,138.00,92284
cosmo,7,6,275.7631970861384,13.884001699999999,1,140.00,93312
cosmo,7,6,284.16220377380705,15.0329315,1,138.00,96480
cosmo,7,6,300.87952877783687,16.768070999999992,1,140.00,94352
cosmo,7,11,314.12319604520735,19.050130199999995,1,143.00,96216
cosmo,8,11,330.0646636658675,20.550622000000004,1,141.00,94016
cosmo,8,11,341.680028767599,23.07211514999999,1,143.00,99676
cosmo,8,16,355.72794989886927,25.06970775,1,146.00,98524
cosmo,9,16,372.60231953804623,27.379646000000008,1,148.00,96432
cosmo,9,16,383.5221032074288,30.1176596,1,146.00,103248
cosmo,9,16,390.37935538184615,32.08230984999997,1,148.00,95732
cosmo,10,21,398.2718675686795,35.1285101,1,151.00,99380
cosmo,10,21,412.9404707149476,36.626655199999995,1,148.00,100692
cosmo,10,21,416.9574234224455,38.6673418,1,151.00,98880
cosmo,10,26,423.71005207471734,41.18113735,1,153.00,103852
cosmo,11,26,439.11064053425173,44.549086,1,151.00,106832
cosmo,11,26,445.8036686422236,46.76280075,1,154.00,104388
cosmo,11,31,453.7341489187342,48.84176444999997,1,156.00,107224
cosmo,12,31,457.9490080189082,50.65705035,1,158.00,102732
cosmo,12,31,466.1567105850837,53.166478850000004,1,156.00,109296
cosmo,12,36,473.3923893131927,55.12466775,1,158.00,107060
cosmo,13,36,474.77803110807326,56.90500660000002,1,160.00,108748
cosmo,13,36,482.82409379477645,60.56837349999997,1,158.00,110764
cosmo,13,36,484.64673914325846,62.310958099999986,1,161.00,112992
cosmo,14,41,495.18773119466624,64.7402228,1,163.00,107652
cosmo,14,41,497.69017857481344,66.94485429999997,1,161.00,111000
cosmo,14,41,501.6657838895291,69.4464882,1,163.00,119964
cosmo,14,46,508.4309985601439,72.38462959999998,1,165.00,115876
cosmo,15,46,516.0917571753362,74.61217500000001,1,163.00,112620
cosmo,15,46,517.5246556163971,77.06555049999996,1,165.00,112348
cosmo,15,53,521.7176431929753,80.46214549999999,1,167.00,128336
cosmo,16,53,525.6267668819731,83.56588359999996,1,170.00,127324
cosmo,16,53,528.2590541820321,87.23665899999997,1,167.00,114748
cosmo,16,64,533.4063366751526,90.88705039999996,1,169.00,123280
cosmo,17,64,534.9188764183081,93.33898479999999,1,172.00,121640
cosmo,17,64,538.4885335095845,97.58043040000001,1,170.00,130064
cosmo,17,75,543.7851990513923,101.68274759999996,1,172.00,136376
cosmo,18,75,542.6743509366429,106.492229,1,174.00,130052
cosmo,18,75,549.0684220695416,111.13026120000002,1,172.00,135832
cosmo,18,75,554.0665540469593,117.46222914999998,1,174.00,155608
cosmo,18,86,553.4849921875767,121.474232,1,176.00,139552
cosmo,19,86,559.0597016363569,127.78056825,1,174.00,150344
cosmo,19,86,558.4299423419801,131.88991305,1,176.00,141592
cosmo,19,98,561.5956557944593,137.7084596,1,178.00,146824
cosmo,20,98,566.612076250623,142.5888042,1,176.00,158660
cosmo,20,98,566.1973038194361,147.600201,1,178.00,142140
cosmo,20,109,571.6814085636244,153.7984958,1,180.00,155872
cosmo,21,109,573.5341256112605,157.73874394999996,1,178.00,154144
cosmo,21,109,575.4493688841192,163.27447184999994,1,180.00,148580
cosmo,21,120,578.9757118992658,167.05140764999996,1,182.00,151972
cosmo,22,120,579.9194131901777,173.798441,1,184.00,166528
cosmo,22,120,583.6905081069565,180.62850219999993,1,182.00,160376
cosmo,22,131,584.0552642071401,185.01258439999998,1,184.00,162256
cosmo,23,131,586.47488819765,190.13489324999966,1,186.00,167960
cosmo,23,131,586.3096008238438,193.88555125,1,184.00,168268
cosmo,23,143,587.8732960791158,200.49053954999997,1,186.00,171796
cosmo,24,143,592.8480391926923,205.20884900000001,1,187.00,160124
cosmo,24,143,592.317529306462,207.87111675,1,185.00,168964
cosmo,24,143,594.5103144884023,211.6746666,1,187.00,174324
cosmo,24,154,598.6456308845924,216.77189199999998,1,189.00,182516
cosmo,25,154,599.6736100606602,221.907828,1,187.00,192976
cosmo,25,154,599.1585393608804,226.08216579999998,1,189.00,190132
cosmo,25,166,601.9950330882723,230.70151219999997,1,190.00,185908
cosmo,26,166,606.337264023416,236.19688289999996,1,188.00,188508
cosmo,26,166,606.2134259252983,239.40964005,1,190.00,193448
cosmo,26,176,605.233491456292,243.97320179999997,1,192.00,203232
cosmo,27,176,608.6300216172557,247.87239565,1,190.00,184016
cosmo,27,176,608.769728826242,252.59870959999998,1,192.00,200656
cosmo,27,188,612.3773938726783,258.4893461,1,193.00,214968
cosmo,28,188,611.9872673017685,263.32406024999995,1,195.00,214832
cosmo,28,188,614.7513625977002,269.32454269999994,1,193.00,205880
cosmo,28,199,615.139799502499,275.68786825,1,195.00,221752
cosmo,29,199,614.0145865401533,276.66247939999965,1,197.00,209736
cosmo,29,199,618.6535528656638,284.8562017999998,1,195.00,199232
cosmo,29,210,618.3321664620031,292.3534186,1,196.00,205368
cosmo,30,210,620.2525340644721,296.383506,1,198.00,205840
cosmo,30,210,619.1237305334392,299.4862561999997,1,196.00,206528
cosmo,30,210,621.0124861884784,309.13635525,1,198.00,215232
cosmo,31,222,623.5322706441264,313.0710415,1,199.00,219776
cosmo,31,222,624.3453408090234,316.25930959999994,1,197.00,227864
cosmo,31,222,625.8088285090987,323.317122,1,199.00,210372
cosmo,32,233,627.3783141576317,326.8019163,1,201.00,257592
cosmo,32,233,629.40555351505,329.2653379999999,1,199.00,220800
cosmo,32,233,629.4492646829889,334.0955312999999,1,201.00,208908
cosmo,33,244,631.5404779088252,341.1747915,1,202.00,228620
cosmo,33,244,632.7902049690366,345.08066575000004,1,200.00,231624
cosmo,33,244,632.703329711648,348.07247995,1,202.00,217404
cosmo,34,255,633.2897672033831,353.74506929999995,1,203.00,235232
cosmo,34,255,633.1200060939369,357.5705671999999,1,202.00,256428
cosmo,34,266,634.9709159159612,363.53275160000004,1,204.00,256320
cosmo,35,266,637.8546951176406,372.0082175,1,205.00,237176
cosmo,35,266,638.0374670419993,374.76761450000004,1,203.00,230788
cosmo,35,266,637.0491198511515,377.43564380000004,1,205.00,272764
cosmo,36,278,639.0753732329206,384.3808748,1,206.00,251416
cosmo,36,278,639.4939899576543,390.4477593000001,1,205.00,248384
cosmo,36,278,639.4524349485097,393.3084794,1,206.00,264536
cosmo,37,289,642.2089219462736,401.28631089999993,1,208.00,276004
cosmo,37,289,641.5107615970348,405.5954914999999,1,206.00,257496
cosmo,37,289,643.912877699439,412.0624018,1,207.00,246608
cosmo,38,300,641.3404591184261,416.533584,1,209.00,249680
cosmo,38,300,645.8439434131167,426.97826159999994,1,208.00,275920
cosmo,38,311,644.1308211997518,428.0689995,1,209.00,272892
cosmo,39,311,646.1729098035198,431.69859639999993,1,211.00,284524
cosmo,39,311,649.0803282680106,439.4835819499999,1,209.00,278084
cosmo,39,323,648.8730066650625,441.7562338999999,1,210.00,275012
cosmo,40,323,649.5042945954915,448.1473062,1,212.00,277964
cosmo,40,323,649.0668954759503,450.2619593999998,1,210.00,275144
cosmo,40,323,648.9012595323288,456.62860259999997,1,211.00,302864
cosmo,41,334,651.8173462799092,467.45884685,1,213.00,296436
cosmo,41,334,651.2474168388361,469.3883896,1,211.00,301168
cosmo,41,334,652.069151467585,476.063388,1,212.00,282424
cosmo,42,345,651.7371697944202,479.17542000000003,1,214.00,304024
cosmo,42,345,654.4186018547249,489.0981668499998,1,212.00,308336
cosmo,42,356,654.4204962312618,494.0801713999996,1,213.00,299004
cosmo,43,356,655.8698891716524,502.78174664999995,1,215.00,300176
cosmo,43,356,655.6003737203034,505.14446799999996,1,213.00,312400
cosmo,43,356,654.3655427697378,508.1966046499998,1,214.00,306060
cosmo,44,368,656.7706805757666,517.825313,1,216.00,283616
cosmo,44,368,656.7667379792806,521.8299837999999,1,214.00,290656
cosmo,44,379,658.3906591326963,525.9332439,1,215.00,271940
cosmo,45,379,658.7411353412407,529.7820806,1,217.00,312900
cosmo,45,379,656.4578071698099,532.2270616999999,1,215.00,312324
cosmo,45,391,655.2163459301497,539.7651916,1,216.00,313076
cosmo,46,391,653.6991613402228,545.1494543999999,1,217.00,321140
cosmo,46,391,654.9951258214319,558.8477944,1,215.00,322228
cosmo,46,401,653.1801023834735,563.11588925,1,216.00,321588
cosmo,47,401,654.4582116425017,576.3522518,1,214.00,330036
cosmo,47,401,653.1049192574658,583.37586,1,215.00,311032
cosmo,47,413,651.5826561074973,592.1226473999997,1,217.00,343800
cosmo,48,413,649.7575109363996,605.75275175,1,215.00,313512
cosmo,48,413,650.7325803087685,624.1427755,1,216.00,286384
cosmo,49,424,650.3894239559044,639.7195137499999,1,217.00,338480
cosmo,49,424,649.9476665819608,654.3033555499999,1,215.00,319996
cosmo,49,424,647.7720547989039,657.9883824,1,216.00,338172
cosmo,50,435,646.2517765885276,677.9960354499999,1,215.00,336288
cosmo,50,435,650.7677759661179,693.1669148,1,216.00,320084
cosmo,50,447,650.7089940660667,697.9210680000001,1,218.00,368468
cosmo,51,447,650.5001893282212,705.6566103499999,1,216.00,364900
cosmo,51,447,651.0133522135477,709.5566300999999,1,218.00,332796
cosmo,51,458,652.3319976643254,716.7268543999999,1,219.00,342120
cosmo,52,458,651.8191441304662,716.66234475,1,217.00,362040
cosmo,52,458,654.8013096147839,720.43180605,1,218.00,364044
cosmo,52,469,652.0308676869626,721.5277097999999,1,220.00,387532
cosmo,53,469,653.1087539964773,736.8350054499999,1,218.00,358908
cosmo,53,469,656.3990442464977,741.9335507,1,220.00,366516
cosmo,53,480,657.2248152435371,741.1448153000001,1,221.00,352156
cosmo,54,480,654.6334975466096,741.5088974000003,1,219.00,352768
cosmo,54,480,657.3326568296538,746.7954284,1,220.00,341096
cosmo,54,492,656.1375879575229,749.581405,1,222.00,370024
cosmo,55,492,658.9920544222535,757.9721946999997,1,220.00,384656
cosmo,55,492,657.1701264455025,758.07846,1,221.00,382696
cosmo,55,500,658.6647088001522,762.0733391499999,1,222.00,374736
cosmo,56,500,657.2540649554884,766.78548945,1,221.00,372688
cosmo,56,500,659.8367317826049,767.6006694999999,1,222.00,364568
cosmo,56,454,660.4721605712591,769.5761991499998,1,223.00,351528
cosmo,57,454,662.3042784048075,769.042237,1,222.00,355320
cosmo,57,454,660.0155887761458,769.4796395,1,224.00,353900
cosmo,58,413,662.5475322389461,773.2481961999999,1,225.00,351468
cosmo,58,413,662.8630494538652,772.5399659499993,1,223.00,329540
cosmo,58,367,664.2217535597954,772.0103908000002,1,224.00,275180
cosmo,59,367,663.9884979449597,771.6021862999999,1,226.00,312812
cosmo,59,367,663.4509236444522,771.2281893999999,1,224.00,294956
cosmo,59,318,664.7686306144423,770.2303435999999,1,225.00,282216
cosmo,60,318,665.923157932737,769.01953,1,226.00,294104
cosmo,60,318,666.1291125655266,768.2229027000002,1,225.00,293260
cosmo,60,318,665.6850361552314,767.4955329499999,1,226.00,290812
cosmo,61,275,666.9412528391983,766.6547675,1,227.00,274556
cosmo,61,275,667.2405569002557,765.8332365999993,1,225.00,260696
cosmo,61,224,667.8128640668914,765.01896825,1,226.00,256420
cosmo,62,224,668.5826224631405,764.1523355999998,1,228.00,257204
cosmo,62,224,668.7204200414888,763.1806505,1,226.00,274492
cosmo,62,224,669.455046737564,762.44025015,1,227.00,250332
cosmo,63,180,669.7458675368358,761.6806055,1,228.00,216748
cosmo,63,180,671.0222275112254,760.5504792999998,1,227.00,200364
cosmo,63,131,671.7892872082965,759.4535337999995,1,228.00,194276
cosmo,64,131,672.2127976847231,758.592127,1,229.00,196516
cosmo,64,131,672.71393208454,758.021056,1,228.00,174388
cosmo,64,88,673.0174313810231,757.4459147999999,1,229.00,158736
cosmo,65,88,673.6857970471834,756.6729682499999,1,227.00,169716
apollo-router,7,1,150.50896287956724,8.124478199999999,1,155.00,256008
apollo-router,8,1,155.24848204681862,9.175579699999998,1,156.00,251712
apollo-router,8,1,157.8533539129322,10.8836244,1,158.00,248884
apollo-router,8,1,164.68970192506805,15.382100700000002,1,160.00,245108
apollo-router,9,6,170.18415745783108,18.769793499999995,1,158.00,243536
apollo-router,9,6,176.1419386999034,23.384191699999995,1,160.00,241440
apollo-router,9,6,179.70531129451342,27.53920444999998,1,162.00,240356
apollo-router,9,11,186.44569881591084,31.7963815,1,159.00,239540
apollo-router,10,11,191.06626133734844,37.04156279999999,1,162.00,239176
apollo-router,10,11,195.45039579648972,41.326693000000006,1,164.00,239028
apollo-router,10,16,199.87473623011724,45.895163600000004,1,161.00,237648
apollo-router,11,16,200.38865789255283,48.81771539999999,1,163.00,236420
apollo-router,11,16,204.5998425137074,55.64390185,1,165.00,235608
apollo-router,11,16,208.18544047424024,60.22584975,1,167.00,234416
apollo-router,11,21,211.3670464019589,64.064649,1,165.00,232644
apollo-router,12,21,213.70801372499176,69.573701,1,167.00,231396
apollo-router,12,21,216.26598589067157,75.6812313,1,169.00,230580
apollo-router,12,26,219.08355248339183,80.29713199999998,1,167.00,229536
apollo-router,13,26,221.08196496134423,85.47930759999998,1,169.00,228080
apollo-router,13,26,220.92413938820064,89.079962,1,171.00,225648
apollo-router,13,26,224.58702453877086,93.82787759999998,1,173.00,223632
apollo-router,14,31,224.24887464860603,99.1078467,1,170.00,220568
apollo-router,14,31,227.53987729539358,102.699173,1,172.00,220800
apollo-router,14,31,228.3909132062576,107.3898305,1,174.00,219292
apollo-router,15,36,231.11623389244502,112.939596,1,172.00,216496
apollo-router,15,36,232.39457128856972,121.88441039999998,1,174.00,216364
apollo-router,15,36,234.0298084660537,128.076672,1,176.00,215324
apollo-router,15,41,235.35419319226156,133.2236327,1,174.00,214932
apollo-router,16,41,236.8156039416614,136.9123428499999,1,176.00,214904
apollo-router,16,41,237.81610975788558,143.41583109999993,1,177.00,215284
apollo-router,16,41,238.38963637298187,147.7413537,1,179.00,215248
apollo-router,17,46,239.35821342071574,151.90362894999998,1,177.00,216140
apollo-router,17,46,241.2242693102048,158.7589129499998,1,179.00,217804
apollo-router,17,46,241.0918708588424,163.16439354999997,1,181.00,218828
apollo-router,17,54,242.37589763891677,171.9867008,1,178.00,218956
apollo-router,18,54,242.2573941007569,178.91103809999998,1,180.00,222668
apollo-router,18,54,243.64793085659653,189.21471695,1,182.00,228808
apollo-router,18,65,243.17867930388806,195.1203385,1,179.00,232904
apollo-router,19,65,243.65761596000056,204.86561,1,181.00,235716
apollo-router,19,65,245.5570423971168,219.33793799999992,1,183.00,239040
apollo-router,19,65,245.95700656436063,229.11802975,1,184.00,253880
apollo-router,20,76,246.41169915860746,241.66311099999996,1,182.00,256432
apollo-router,20,76,246.99636258081134,253.69205714999993,1,184.00,260648
apollo-router,20,76,247.3618020292586,265.4192185,1,186.00,265384
apollo-router,20,87,248.45648090269322,277.6872099,1,183.00,266148
apollo-router,21,87,249.14752239750607,290.3561246,1,185.00,268180
apollo-router,21,87,249.23480674717462,302.2352155,1,186.00,272532
apollo-router,21,99,249.5538877030058,308.23559450000005,1,184.00,280980
apollo-router,22,99,248.88323405027705,316.369787,1,186.00,284688
apollo-router,22,99,248.59657545849404,324.3799997999998,1,187.00,286224
apollo-router,22,99,249.81993640988023,342.39730475,1,189.00,292600
apollo-router,23,110,250.31394047632162,355.8293955,1,187.00,294512
apollo-router,23,110,250.378352394714,364.93985889999993,1,188.00,307952
apollo-router,23,110,249.97713863787357,374.15541519999994,1,190.00,312012
apollo-router,23,121,251.29870517317445,391.85130605,1,187.00,312612
apollo-router,24,121,251.11064509493852,399.6506168999999,1,189.00,314276
apollo-router,24,121,251.4101652564468,415.4370613999998,1,191.00,319396
apollo-router,24,121,252.41482829971892,430.93394199999994,1,192.00,318964
apollo-router,25,132,251.5465688821774,438.60308150000003,1,190.00,320756
apollo-router,25,132,252.6465116768769,458.12076149999996,1,191.00,323420
apollo-router,25,132,252.3470887297063,469.6120065,1,193.00,335964
apollo-router,25,144,253.2615858870047,481.50093509999994,1,190.00,337140
apollo-router,26,144,253.58996317087906,490.23242625,1,192.00,343920
apollo-router,26,144,253.34913860780475,503.4438039,1,193.00,343012
apollo-router,26,144,252.35047435815727,510.451675,1,191.00,359652
apollo-router,27,155,253.43209293379874,527.4483553,1,193.00,364188
apollo-router,27,155,253.26676834068823,535.6023421,1,194.00,371996
apollo-router,27,155,254.15847101476555,553.507523,1,196.00,371024
apollo-router,28,166,252.68249302549648,555.79768,1,193.00,375760
apollo-router,28,166,254.15728297239593,575.1348017999999,1,195.00,377168
apollo-router,28,166,254.66614738905335,586.0529353999999,1,196.00,377168
apollo-router,28,177,254.35037014724972,595.2756706999995,1,194.00,380584
apollo-router,29,177,254.01392749834815,602.3765042,1,196.00,383144
apollo-router,29,177,254.37783921606788,617.7433001999999,1,197.00,383784
apollo-router,29,177,254.8842722914675,638.7643941,1,195.00,383128
apollo-router,30,189,254.41734053081328,649.019489,1,196.00,394776
apollo-router,30,189,255.39992739261052,670.0821535,1,198.00,394264
apollo-router,30,189,254.96237129652198,682.2466401999999,1,199.00,395060
apollo-router,31,200,254.05311304330618,690.6657455000001,1,197.00,410036
apollo-router,31,200,255.7563292343465,718.1226297999999,0.9998524203069658,199.00,407064
apollo-router,31,200,254.65210493427938,722.3128055999999,0.9997066158134077,200.00,415088
apollo-router,31,211,254.83703363528497,733.1423202999999,0.9995651543701985,198.00,416112
apollo-router,32,211,254.55789382311997,749.0552876999999,0.9995695839311334,199.00,416624
apollo-router,32,211,254.90074902109333,761.89957125,0.9995749504108813,201.00,418668
apollo-router,32,222,254.51838430893284,769.83136425,0.9995785332958697,198.00,429036
apollo-router,33,222,255.63394696158588,787.3667165999999,0.9995848899958489,200.00,426852
apollo-router,33,222,254.41417041010348,795.1053049999994,0.9995872317006054,201.00,431688
apollo-router,33,222,254.030245023867,805.65346955,0.999591391991283,199.00,436016
apollo-router,34,234,255.68201355074856,835.6883914,0.9993311036789297,201.00,416844
apollo-router,34,234,254.9027263578517,835.638433,0.9993355481727575,202.00,421452
apollo-router,34,234,254.22810179595248,843.6917518,0.9993401082222515,203.00,434508
apollo-router,35,245,256.0900531118271,871.1543558,0.9993529183382943,201.00,433268
apollo-router,35,245,254.70537418241065,878.5882288000001,0.9993564165272236,203.00,478068
apollo-router,35,245,253.61836495772096,884.0549911499999,0.9993591386823891,204.00,500212
apollo-router,35,256,254.5146448564742,899.2475188000002,0.9993673288624573,202.00,502132
apollo-router,36,256,255.74664036336247,923.6100514,0.9993765586034913,203.00,500140
apollo-router,36,256,255.10701243117575,925.7411125,0.9993804980795441,204.00,506156
apollo-router,36,256,253.69371912868095,926.4935973,0.9993822584630591,202.00,510892
apollo-router,37,267,254.96257315226447,954.5489405499998,0.9992701617808053,203.00,511020
apollo-router,37,267,255.90842194906523,972.8819905,0.9991597647341256,205.00,503352
apollo-router,37,267,254.62146410949185,975.3572087499999,0.999162278602202,206.00,501040
apollo-router,38,279,255.90188497198994,976.0810287999999,0.9991752091433957,204.00,497816
apollo-router,38,279,254.25694442807023,978.48141545,0.999176276771005,205.00,591640
apollo-router,38,279,253.30149229385532,986.7834352,0.9991797515819076,206.00,601368
apollo-router,39,290,255.79312423300172,1026.0019390999996,0.9989684813753582,205.00,593284
apollo-router,39,290,255.10206384021845,1038.1402520000001,0.99897622568536,206.00,596228
apollo-router,39,290,253.94542646026758,1038.574416,0.9989797075161546,207.00,602884
apollo-router,39,301,256.5569945597195,1067.0320325499997,0.9988886419204268,205.00,602884
apollo-router,40,301,256.3555621060927,1079.6919357499996,0.9988974641675854,206.00,602344
apollo-router,40,301,255.13617620187188,1081.9212015,0.998900615655233,208.00,617832
apollo-router,40,301,254.16954571934312,1087.701123,0.9989048297010185,206.00,632040
apollo-router,41,312,255.7611968827529,1112.3245673999998,0.9989214840379638,207.00,630060
apollo-router,41,312,257.03706703550023,1137.3229591999998,0.9987240829346092,208.00,604444
apollo-router,41,312,255.85669137675404,1137.234255,0.9987278702427648,209.00,604444
apollo-router,42,324,256.7191876596758,1138.1445502,0.9987431922915794,207.00,604444
apollo-router,42,324,255.1623751660407,1139.3927317999994,0.9987443758501622,208.00,604700
apollo-router,42,324,254.8817839833606,1152.3181205,0.9986480865224625,210.00,607644
apollo-router,42,335,257.8680696106633,1182.91625725,0.9985746283852576,208.00,589652
apollo-router,43,335,257.2919548763175,1185.28082225,0.9985835694050992,209.00,554936
apollo-router,43,335,256.4611726617718,1185.1315951999998,0.9985901309164149,210.00,574264
apollo-router,43,346,254.85036741290196,1185.1283669999998,0.9985902728828919,208.00,643512
apollo-router,44,346,255.34949621889635,1219.2166641,0.9985034420832086,209.00,650680
apollo-router,44,346,257.47693569659896,1281.9691316999997,0.9982349480290253,210.00,630708
apollo-router,44,346,256.97605234625655,1297.4163760499998,0.9982435597189696,211.00,631988
apollo-router,45,357,255.38212058854754,1298.18230095,0.9982439024390244,209.00,717364
apollo-router,45,357,254.2901703817205,1303.4906576499995,0.9981503115264797,210.00,729780
apollo-router,45,357,255.5581756291022,1335.1058403,0.9978852254157454,212.00,731188
apollo-router,45,369,256.809209742788,1375.5791631499999,0.9977246871444824,210.00,702960
apollo-router,46,369,256.62177699704756,1392.6819312999999,0.9975504051253062,211.00,703600
apollo-router,46,369,256.7603550994772,1392.0400775999997,0.9975705475612036,212.00,701128
apollo-router,46,369,256.17536667461525,1390.2328736000004,0.9975822949600148,210.00,714824
apollo-router,47,380,254.88064915196838,1396.0600997000001,0.9975879024028202,211.00,722888
apollo-router,47,380,255.04880711105648,1413.6614766999999,0.9974212562166145,212.00,723016
apollo-router,47,380,257.19882754778314,1453.764121,0.9968299972828548,213.00,712828
apollo-router,48,391,256.18503898247815,1459.2409625,0.9968385873001535,211.00,720096
apollo-router,48,391,255.1998461646888,1468.9175715000001,0.9967555875991349,212.00,724448
apollo-router,48,391,255.14131167850567,1480.7520076,0.9967831293003306,214.00,708080
apollo-router,49,402,256.99109873407093,1492.4968339999998,0.9963070429965708,212.00,704332
apollo-router,49,402,255.68861372732528,1494.3838168,0.9963106113843991,213.00,719052
apollo-router,49,402,254.6038495980411,1503.490218299999,0.996230384851407,214.00,724556
apollo-router,50,414,254.96639666397692,1524.8140932999997,0.9960869565217392,212.00,725068
apollo-router,50,414,256.02363680968585,1545.233363,0.995959769620906,214.00,725196
apollo-router,50,414,256.7774144590102,1570.5335111499994,0.9959972747402487,215.00,721248
apollo-router,50,425,256.2637664223776,1583.6521683999995,0.9960159362549801,213.00,716576
apollo-router,51,425,255.53398734366675,1583.453597,0.9959462883202432,214.00,727200
apollo-router,51,425,254.50678947981785,1585.4765204999999,0.9959565327268133,215.00,750624
apollo-router,51,436,254.94125834259245,1605.221183299999,0.9959043798060849,213.00,761376
apollo-router,52,436,255.8220704708711,1634.1028230999991,0.9957791939087974,214.00,755896
apollo-router,52,436,257.6974244450804,1657.4004570499994,0.9955929160205664,215.00,695872
apollo-router,52,436,256.8012878751122,1659.2159585,0.9956036798827648,216.00,694656
apollo-router,52,447,255.340354424253,1659.8950865000002,0.9956047533778284,214.00,809216
apollo-router,53,447,254.08226684578804,1660.820716,0.9956065413717354,215.00,868224
apollo-router,53,447,253.0853208916119,1664.153344,0.9955309986186723,216.00,891056
apollo-router,53,447,253.46730296925705,1698.6158765999999,0.9955663039097138,215.00,890516
apollo-router,54,459,257.31613909017165,1761.756552,0.995350669818755,216.00,831140
apollo-router,54,459,256.9969003835525,1769.7862717999997,0.9952959623676989,216.00,814500
apollo-router,54,459,255.91842439252216,1769.5717953499998,0.995301487862177,217.00,816420
apollo-router,55,470,255.2760978070785,1768.6504520999997,0.9953150620754275,216.00,816548
apollo-router,55,470,257.5964729713788,1765.9554809999997,0.9951609186573469,217.00,808264
apollo-router,55,470,255.96106666130902,1765.941212,0.9951616619307273,218.00,808648
apollo-router,56,481,254.6779389552103,1766.5822771999997,0.9951631477927063,216.00,854600
apollo-router,56,481,253.92853310599037,1775.1797808,0.9951735233279706,217.00,886856
apollo-router,56,481,254.17808840106846,1803.2998241,0.9952054794520548,218.00,887240
apollo-router,56,492,254.7772228904579,1815.1374986999997,0.9950177398656299,216.00,887752
apollo-router,57,492,256.5976156797303,1858.6339619999983,0.9948607180098317,217.00,887752
apollo-router,57,492,256.7093181794866,1892.0315915,0.9947516262566529,218.00,793584
apollo-router,57,498,256.7276891682529,1889.8534477999997,0.9947863122338082,217.00,784620
apollo-router,58,498,255.5153462795629,1889.686646,0.9947874605388738,217.00,830048
apollo-router,58,498,254.38622079208955,1889.6358883,0.9947901379512768,218.00,868248
apollo-router,58,498,254.08265827845545,1901.117536,0.9948103208829764,219.00,877592
apollo-router,59,480,255.8184321390443,1935.4775825,0.9945150115473441,218.00,876384
apollo-router,59,480,257.76099336679437,1972.8526975999998,0.9944480034166133,219.00,825268
apollo-router,59,480,256.2731416546487,1973.0246945,0.9944487936801651,220.00,827188
apollo-router,59,431,255.299920524286,1975.8690204,0.9943852167732765,218.00,843572
apollo-router,60,431,255.36745983394084,1980.79765025,0.9943446910787502,219.00,847156
apollo-router,60,431,255.1857913156002,1980.7408075499998,0.9942985852044767,220.00,847668
apollo-router,60,374,257.48708422818856,1976.9671039999996,0.9941041825622529,218.00,828084
apollo-router,61,374,257.1555193438915,1976.7491529,0.9941278065630397,219.00,818072
apollo-router,61,374,255.94128406661125,1976.7491529,0.9941278065630397,220.00,818456
apollo-router,61,374,255.15086984679016,1976.4966757500001,0.9941363134657837,221.00,818712
apollo-router,62,341,257.02241788041147,1974.1125525499997,0.9941432852083901,219.00,816472
apollo-router,62,341,256.95712197075363,1973.4487316999998,0.9941072879978325,220.00,808920
apollo-router,62,341,255.96108233190787,1973.3839607,0.9941112765669419,221.00,809048
apollo-router,62,294,255.89168906492452,1973.4708894999999,0.9940700808625337,219.00,809048
apollo-router,63,294,257.25981600649635,1971.6350879,0.9939991998933191,220.00,788988
apollo-router,63,294,257.085725499277,1970.1479065999997,0.9939611122171346,221.00,784644
apollo-router,63,294,256.151998038097,1969.8893065999998,0.9939675174013921,222.00,784644
apollo-router,64,245,257.98828173796716,1965.4711466999997,0.9939770867430442,220.00,760064
apollo-router,64,245,257.74153522102193,1964.168042,0.9939378137018448,221.00,742420
apollo-router,64,245,257.85881819932496,1961.8143117999996,0.9939727802981205,222.00,742420
apollo-router,64,180,258.3148418547274,1960.17918,0.9940119760479041,221.00,726988
apollo-router,65,180,258.19901280562453,1959.3726729999998,0.9940380793640617,222.00,718912
apollo-router,65,180,258.04836666051625,1958.3559118499998,0.994064334950217,222.00,716116
apollo-router,65,137,258.8133154114205,1956.6304981999997,0.9941128062290309,221.00,681668
apollo-router,66,137,258.3634448625934,1955.6293649999998,0.9941336024727181,222.00,673720
apollo-router,66,137,258.84330282996825,1953.4964114499999,0.9941743923828614,223.00,642216
apollo-router,66,137,258.6783089401452,1949.9329211999977,0.9941980160958264,221.00,630332
apollo-router,67,85,259.06339124200593,1948.073551,0.9942364898363907,222.00,619628
apollo-router,67,85,259.28336982582874,1947.3602905,0.9942684580303217,223.00,597184
apollo-gateway,9,2,115.9730595569654,10.991190399999999,1,147.90,1802500
apollo-gateway,9,2,117.41838943228714,11.990811399999998,1,145.70,1801748
apollo-gateway,9,2,118.4392575946038,18.724639,1,147.00,1801748
apollo-gateway,10,2,120.35957665065102,24.748126550000023,1,148.50,1801876
apollo-gateway,10,7,121.97015452532536,29.994932,1,146.10,1801876
apollo-gateway,10,7,123.8909986117511,39.09807724999999,1,147.50,1801876
apollo-gateway,11,7,125.26865882206958,44.163703350000006,1,148.90,1801876
apollo-gateway,11,12,126.62241953812638,52.126059,1,150.10,1801876
apollo-gateway,11,12,127.37181776620697,58.870781699999995,1,148.00,1801876
apollo-gateway,11,12,128.20382156869766,65.37605479999999,1,149.20,1801876
apollo-gateway,12,12,129.90180915723897,73.79108785,1,150.50,1801876
apollo-gateway,12,17,130.96629220664144,82.132177,1,148.40,1801876
apollo-gateway,12,17,132.6472268169791,89.09030949999996,1,149.70,1802004
apollo-gateway,12,17,132.89382103551256,93.14937675,1,150.90,1802004
apollo-gateway,13,17,133.42700541936003,101.42261404999999,1,152.30,1802004
apollo-gateway,13,22,135.01550417095822,109.87143675,1,150.00,1802004
apollo-gateway,13,22,136.2009499551866,119.61317979999997,1,151.30,1802004
apollo-gateway,14,22,136.22381217006443,127.4830345,1,152.50,1802004
apollo-gateway,14,27,137.768018253136,132.40793975,1,153.90,1802004
apollo-gateway,14,27,137.8820456385136,137.3399466,1,151.60,1802004
apollo-gateway,14,27,139.17800121579396,147.05107715,1,153.00,1802004
apollo-gateway,15,27,139.60218136787245,154.23731259999988,1,154.30,1802004
apollo-gateway,15,32,140.21164273786127,163.871612,1,152.10,1802004
apollo-gateway,15,32,140.60713360691102,169.11266429999998,1,153.30,1802004
apollo-gateway,16,32,142.4801734584554,175.52719800000003,1,154.60,1802004
apollo-gateway,16,32,142.58507748390062,182.06652039999994,1,155.90,1802004
apollo-gateway,16,37,143.95694131373662,190.44121649999994,1,153.70,1802004
apollo-gateway,16,37,144.10605310874897,196.8505283,1,154.80,1802004
apollo-gateway,17,37,144.72185714658679,205.654494,1,156.00,1802004
apollo-gateway,17,42,144.9778868229589,214.19337659999997,1,157.20,1802004
apollo-gateway,17,42,145.7502545062693,221.59850059999994,1,155.00,1802004
apollo-gateway,17,42,146.29631151756539,225.304776,1,156.20,1802004
apollo-gateway,18,42,146.44716634245125,230.14517934999992,1,157.40,1802004
apollo-gateway,18,47,147.13868374288919,238.8402518999999,1,155.30,1802004
apollo-gateway,18,47,147.38225916021437,247.5755857999999,1,156.40,1802004
apollo-gateway,19,47,148.40894096555263,255.26396759999994,1,157.60,1802004
apollo-gateway,19,47,148.32982534671783,259.4036775,1,158.90,1802004
apollo-gateway,19,54,148.3277900724953,270.8328614999999,1,156.90,1802004
apollo-gateway,19,54,149.22921672834462,279.6283861999999,1,157.90,1802004
apollo-gateway,20,54,149.30213138871596,290.0873082,1,159.10,1802004
apollo-gateway,20,65,150.34448496157742,302.5941312,1,160.20,1802004
apollo-gateway,20,65,150.776612505559,320.8113243000001,1,158.10,1802004
apollo-gateway,20,65,150.2332458035932,332.01909145,1,159.40,1801692
apollo-gateway,21,65,150.5352617089564,346.2668509,1,160.50,1801692
apollo-gateway,21,77,151.09431059683632,371.08527975000004,1,158.60,1801820
apollo-gateway,21,77,151.30670307648575,391.45456489999987,1,159.60,1801820
apollo-gateway,22,77,151.70049443732418,408.498277,1,160.60,1801820
apollo-gateway,22,88,152.0406957841821,423.52779444999993,1,161.80,1801820
apollo-gateway,22,88,152.11591156647447,434.865228,1,159.80,1801820
apollo-gateway,22,88,152.42588685506234,446.11544514999997,1,160.80,1801820
apollo-gateway,23,88,152.94427210316033,458.378519,1,161.80,1801820
apollo-gateway,23,99,152.31004824091465,466.8414575,1,159.80,1801820
apollo-gateway,23,99,153.16532950349094,485.51649175,1,161.00,1801820
apollo-gateway,24,99,153.13434520398397,506.0268587,1,162.00,1801820
apollo-gateway,24,99,153.02547684838376,521.1577656499998,1,163.00,1801820
apollo-gateway,24,110,153.76844563230495,542.9565017999998,1,161.00,1801820
apollo-gateway,24,110,154.2437588672941,563.7097657999998,1,162.10,1801820
apollo-gateway,25,110,154.37946390132345,579.6570164999998,1,163.20,1801820
apollo-gateway,25,122,154.01918092484402,593.6095177999999,1,164.20,1801820
apollo-gateway,25,122,154.03357713887246,614.4575876,1,162.30,1801820
apollo-gateway,25,122,154.56912069665918,631.7623209999999,1,163.30,1801820
apollo-gateway,26,122,154.95643783915418,646.7751569999998,1,164.50,1801820
apollo-gateway,26,133,155.46483388344652,662.4534132,1,162.60,1801820
apollo-gateway,26,133,155.6485871790126,677.0152275,1,163.60,1801820
apollo-gateway,27,133,155.16649468970905,684.852051,1,164.50,1801820
apollo-gateway,27,133,155.96061319139653,708.390324,1,165.50,1801820
apollo-gateway,27,144,155.7504658503902,725.2003880999998,1,163.60,1801820
apollo-gateway,27,144,156.07580984113756,740.3239013999998,1,164.60,1801820
apollo-gateway,28,144,156.32403420409005,748.95818405,1,165.70,1801820
apollo-gateway,28,155,156.29161051218333,756.3956569000001,1,163.80,1801820
apollo-gateway,28,155,156.1035611980988,769.7950814999999,1,164.70,1801820
apollo-gateway,29,155,156.3222524867694,789.6105205499999,1,165.80,1801820
apollo-gateway,29,155,155.78209429814788,805.7525763999997,1,166.80,1801820
apollo-gateway,29,167,156.02555226524132,847.1321981000002,1,164.80,1801820
apollo-gateway,29,167,156.95542996695448,891.60690455,1,165.80,1801820
apollo-gateway,30,167,156.99098448052283,902.2239261999998,1,166.70,1801820
apollo-gateway,30,178,156.35685753902956,913.4238498499997,1,164.80,1801820
apollo-gateway,30,178,156.2124619007022,924.6556745,1,165.80,1801820
apollo-gateway,30,178,157.30551030566426,960.4489002999998,1,166.80,1801820
apollo-gateway,31,178,156.9697580216019,970.375865,1,167.60,1801820
apollo-gateway,31,189,157.13027352628842,980.5986271999999,1,165.80,1801820
apollo-gateway,31,189,157.53109194836446,994.3019432,1,166.80,1801820
apollo-gateway,32,189,157.20299270526903,1003.802768,1,167.70,1801820
apollo-gateway,32,200,157.40967219083714,1018.1605217999999,1,168.70,1801820
apollo-gateway,32,200,157.36329480272735,1040.31476925,1,167.00,1801820
apollo-gateway,32,200,157.62161847247995,1059.0027195,1,168.00,1801820
apollo-gateway,33,200,157.7691361441244,1079.9303762999996,1,168.90,1801820
apollo-gateway,33,212,157.33985128679336,1093.5212399999998,1,167.00,1801820
apollo-gateway,33,212,157.87659822664583,1108.5660042499999,1,168.00,1801820
apollo-gateway,34,212,158.48579538481724,1123.1001795999998,1,168.90,1801820
apollo-gateway,34,212,158.04286982815913,1125.6576238,1,169.90,1801820
apollo-gateway,34,223,158.18536653684885,1130.2411241999998,1,168.10,1801820
apollo-gateway,34,223,158.188034677883,1137.4144516,1,169.00,1801820
apollo-gateway,35,223,158.35161228938026,1155.7574326000001,1,169.90,1801820
apollo-gateway,35,234,158.62331134614993,1165.4289612,1,170.80,1801820
apollo-gateway,35,234,159.10826174412404,1183.0935398,1,169.00,1801820
apollo-gateway,35,234,158.43678616448085,1184.3799857999998,1,169.80,1801820
apollo-gateway,36,234,158.7293889028224,1195.2273594,1,170.80,1801820
apollo-gateway,36,245,158.46273283071528,1206.6351281999987,1,169.10,1801820
apollo-gateway,36,245,158.69656577948564,1242.9021644,1,170.00,1801820
apollo-gateway,37,245,159.14744718887127,1274.3044677499995,1,170.90,1801820
apollo-gateway,37,245,159.16229315230234,1294.8494957499997,1,171.70,1801820
apollo-gateway,37,257,158.90422575257753,1315.8488118,1,170.00,1801820
apollo-gateway,37,257,158.62905132883358,1324.1746692,1,170.80,1801820
apollo-gateway,38,257,159.00274816151102,1340.7497503,1,171.70,1801820
apollo-gateway,38,268,159.31453783671384,1353.8079404999999,1,170.10,1801820
apollo-gateway,38,268,159.00073045493053,1368.8690793,1,170.90,1801948
apollo-gateway,39,268,159.00384048624468,1386.28022785,1,171.80,1801948
apollo-gateway,39,268,158.72510158629453,1398.740072,1,172.60,1801948
apollo-gateway,39,279,159.15112269319715,1400.9205805,1,171.00,1801948
apollo-gateway,39,279,159.42375000554702,1420.1874332999998,1,171.80,1801948
apollo-gateway,40,279,159.6374001821928,1444.0843741999997,1,172.70,1801948
apollo-gateway,40,290,159.6755105031592,1451.2867327999995,1,173.40,1801948
apollo-gateway,40,290,159.42544793021617,1469.8088544,1,171.90,1801948
apollo-gateway,40,290,158.94149657377167,1474.0871433,1,172.70,1801948
apollo-gateway,41,290,159.4030808991619,1491.3221628000001,1,173.50,1801948
apollo-gateway,41,302,159.50320920134686,1502.4176690499999,1,171.70,1801948
apollo-gateway,41,302,159.41496176822554,1516.9975006,1,172.60,1801948
apollo-gateway,42,302,159.029899407367,1523.9216388999992,1,173.40,1801948
apollo-gateway,42,302,159.0499773406851,1533.61060825,1,174.20,1801948
apollo-gateway,42,313,158.96663800059898,1544.3354179,1,172.60,1801948
apollo-gateway,42,313,159.35513324637733,1572.7869503,1,173.50,1801948
apollo-gateway,43,313,159.51642521416431,1581.9334254999992,1,174.20,1801948
apollo-gateway,43,324,159.2721322075187,1599.6183462999993,1,172.80,1801948
apollo-gateway,43,324,158.97189869171962,1623.1899919499995,1,173.50,1801948
apollo-gateway,44,324,159.0903692006026,1637.047433,1,174.30,1801948
apollo-gateway,44,324,159.21412648217844,1668.3059402499998,1,175.00,1801948
apollo-gateway,44,335,159.42284978687402,1671.3433627999993,1,173.40,1801948
apollo-gateway,44,335,159.68979986299038,1686.7876872499992,1,174.10,1801948
apollo-gateway,45,335,159.46154708951192,1726.4506055,1,175.10,1801948
apollo-gateway,45,347,159.1268143832571,1739.3935926,1,175.90,1801948
apollo-gateway,45,347,159.21177591486557,1790.1153929999987,1,174.20,1801948
apollo-gateway,45,347,159.21056699247416,1793.99053295,1,175.00,1801948
apollo-gateway,46,347,160.00350930760314,1805.58464455,1,175.80,1801948
apollo-gateway,46,358,160.1496246530758,1806.0837728,1,174.10,1801948
apollo-gateway,46,358,159.42254987712366,1813.2863549999997,1,174.90,1801948
apollo-gateway,47,358,159.16920156809073,1825.4314961999994,1,175.70,1801948
apollo-gateway,47,358,159.63024662667016,1825.0031493999998,1,176.50,1801948
apollo-gateway,47,369,159.66048502752076,1829.7985275999988,1,175.10,1801948
apollo-gateway,47,369,159.88093318967674,1830.093299,1,175.90,1801948
apollo-gateway,48,369,159.99525360890522,1842.542633649999,1,176.50,1801948
apollo-gateway,48,380,159.73669117117552,1863.2721551999991,1,175.00,1801948
apollo-gateway,48,380,159.5245534324122,1863.8337133999996,1,175.70,1801948
apollo-gateway,49,380,160.09426946577386,1884.0593748499994,1,176.40,1801948
apollo-gateway,49,380,159.84034395356267,1893.1546897499998,1,177.10,1801948
apollo-gateway,49,392,159.81331049543923,1892.6612130999997,1,175.70,1801948
apollo-gateway,49,392,160.21082929516476,1900.73546855,1,176.30,1801948
apollo-gateway,50,392,160.46371748013524,1926.08332625,1,177.20,1801948
apollo-gateway,50,392,159.63611851002486,1926.7888081999997,1,177.90,1801948
apollo-gateway,50,403,159.6645488114556,1928.7011862499999,1,176.40,1801948
apollo-gateway,50,403,160.22368834604333,1949.1641891999993,1,177.20,1801948
apollo-gateway,51,403,160.2899412270156,1984.3544339999999,1,177.90,1801948
apollo-gateway,51,414,159.68885043558697,1991.5426898999992,1,176.30,1801948
apollo-gateway,51,414,159.83048112176908,2033.75526155,1,177.10,1801948
apollo-gateway,52,414,159.2174090077729,2044.5984655499994,1,177.80,1801948
apollo-gateway,52,414,159.57686565892652,2065.5931162999996,1,178.60,1801948
apollo-gateway,52,425,159.9453235875622,2067.4596585,1,177.20,1801948
apollo-gateway,52,425,160.1477178828121,2092.882953,1,177.90,1801948
apollo-gateway,53,425,160.11762945303875,2138.69975275,1,178.60,1801948
apollo-gateway,53,437,159.7635639650342,2149.159752899999,1,177.10,1801948
apollo-gateway,53,437,160.1624815019243,2190.1627261999997,1,177.80,1801948
apollo-gateway,53,437,160.2179844558809,2189.9586521999995,1,178.50,1801948
apollo-gateway,54,437,159.97790192255417,2189.4688745999993,1,179.10,1801948
apollo-gateway,54,448,160.05078720768935,2189.06009775,1,177.80,1801948
apollo-gateway,54,448,160.2833874572998,2196.3015622,1,178.60,1801948
apollo-gateway,55,448,160.12109485874882,2197.66567435,1,179.30,1801948
apollo-gateway,55,459,159.48840341646658,2197.5909299,1,179.90,1801948
apollo-gateway,55,459,160.12748397773112,2210.685744,1,178.40,1801948
apollo-gateway,55,459,159.85177216684147,2213.9708237,1,179.20,1801948
apollo-gateway,56,459,159.6466238348067,2227.67478425,1,179.80,1801948
apollo-gateway,56,470,159.97295548461634,2246.1385041,1,178.50,1801948
apollo-gateway,56,470,160.51100546830187,2243.2584926,1,179.10,1801948
apollo-gateway,57,470,160.30817802560017,2247.7898721999995,1,179.80,1802076
apollo-gateway,57,482,160.24639586054099,2268.769963599996,1,180.40,1802076
apollo-gateway,57,482,160.35820673477446,2265.2093553499994,1,179.00,1802076
apollo-gateway,57,482,160.2936850746923,2266.5472703999976,1,179.70,1802076
apollo-gateway,58,482,159.95403598274652,2271.3728753999994,1,180.30,1802076
apollo-gateway,58,493,160.26448602577756,2271.4466145,1,178.90,1802076
apollo-gateway,58,493,160.2900049946022,2278.432237899999,1,179.70,1802204
apollo-gateway,59,493,160.13076011698396,2283.6177067999997,1,180.40,1802204
apollo-gateway,59,493,159.75101334045382,2283.5881825999995,1,181.00,1802204
apollo-gateway,59,500,159.9440271621927,2298.3053622499992,1,179.70,1802204
apollo-gateway,59,500,159.64372006262133,2309.95883925,1,180.30,1802204
apollo-gateway,60,500,159.71985226048685,2315.1674441999985,1,180.90,1802204
apollo-gateway,60,482,159.56727830546288,2331.815699200002,1,181.60,1802204
apollo-gateway,60,482,159.95457037597743,2351.9056783999986,1,180.20,1802204
apollo-gateway,60,482,160.78724109023224,2366.2575057,1,180.90,1802204
apollo-gateway,61,482,160.5852952736647,2372.7531086,1,181.60,1802204
apollo-gateway,61,437,160.47471497583172,2382.5720536,1,180.20,1802204
apollo-gateway,61,437,160.0626981950795,2382.5962514499997,1,180.90,1802204
apollo-gateway,62,437,159.97760320053064,2387.2049279499997,1,181.60,1802204
apollo-gateway,62,387,160.29530751433012,2387.1502353499995,1,182.10,1802204
apollo-gateway,62,387,160.02940923756944,2387.0408501499996,1,180.90,1802204
apollo-gateway,62,387,160.3304272555143,2389.0333309,1,181.50,1802204
apollo-gateway,63,387,160.11692424451954,2395.6633687500002,1,182.10,1802332
apollo-gateway,63,334,159.91196422995273,2439.1995445999996,1,180.80,1802332
apollo-gateway,63,334,159.68559139217663,2468.0491635999992,1,181.50,1802332
apollo-gateway,64,334,159.88017840466404,2494.258413,1,182.10,1802332
apollo-gateway,64,291,159.88869736222577,2536.5683428000007,1,182.80,1802332
apollo-gateway,64,291,160.00086738809404,2531.401137849998,1,181.40,1802332
apollo-gateway,64,291,159.72729373968156,2542.7808175,1,182.00,1802232
apollo-gateway,65,291,159.73867491571292,2561.9160229499994,1,182.60,1802232
apollo-gateway,65,244,160.07268011713606,2583.2473565999985,1,181.40,1802232
apollo-gateway,65,244,160.22210020945766,2577.7493157999984,1,182.00,1802232
apollo-gateway,66,244,159.9059950375649,2575.51364325,1,182.70,1802232
apollo-gateway,66,244,159.82735896092194,2574.8608918,1,183.10,1802232
apollo-gateway,66,193,159.99167214321793,2562.6986592999997,1,181.90,1802232
apollo-gateway,66,193,160.18801829609288,2558.3534204,1,182.60,1802232
apollo-gateway,67,193,160.09742093806346,2557.1601627500017,1,183.20,1802232
apollo-gateway,67,150,160.2182347059759,2551.3491045,1,183.80,1802232
apollo-gateway,67,150,160.1998650073299,2549.6777771,1,182.50,1802232
apollo-gateway,67,150,160.19346736931521,2548.215006950002,1,183.10,1802232
apollo-gateway,68,150,160.2644315405831,2542.2416263999994,1,183.70,1802232
apollo-gateway,68,86,160.57950821818648,2537.284041699999,1,182.40,1802232
apollo-gateway,68,86,160.57704203233925,2535.6682998999995,1,183.10,1802232